0,11,-4,12,0.52,-0.19,0.57,0,0.0,0
10,17,-6,14,0.81,-0.29,0.67,0,0.0,0
20,19,-3,18,0.9,-0.14,0.86,0,0.0,0
30,16,-3,16,0.76,-0.14,0.76,0,0.0,0
40,18,-4,16,0.86,-0.19,0.76,0,0.0,0
50,9,-4,12,0.48,-0.14,0.52,0,0.0,0
60,12,-3,14,0.57,-0.14,0.67,0,0.0,0
70,16,-3,17,0.76,-0.14,0.81,0,0.0,0
80,18,-7,20,0.86,-0.33,0.95,0,0.0,0
90,17,-5,17,0.81,-0.24,0.81,0,0.0,0
100,12,-5,15,0.57,-0.24,0.71,0,0.0,0
110,9,-4,13,0.43,-0.19,0.62,0,0.0,0
120,15,-5,14,0.71,-0.24,0.67,0,0.0,0
130,18,-6,18,0.86,-0.29,0.86,0,0.0,0
140,15,-4,16,0.71,-0.19,0.76,0,0.0,0
150,18,-1,16,0.86,0.71,0.0,0,0.0,0
160,11,0,12,0.52,0.0,0.57,0,0.0,0
170,14,-4,13,0.67,-0.19,0.62,0,0.0,0
180,15,-6,15,0.71,-0.29,0.71,0,0.0,0
190,17,-6,17,0.81,-0.29,0.81,0,0.0,0
200,17,-5,16,0.81,-0.24,0.76,0,0.0,0
210,19,-3,17,0.9,-0.14,0.81,0,0.0,0
220,12,-5,13,0.57,-0.24,0.62,0,0.0,0
230,13,-7,12,0.62,-0.33,0.57,0,0.0,0
240,17,-2,15,0.81,-0.1,0.71,0,0.0,0
250,19,-2,16,0.9,-0.1,0.76,0,0.0,0
260,18,0,15,0.86,0.0,0.71,0,0.0,0
270,13,-2,14,0.62,-0.1,0.67,0,0.0,0
280,10,-2,15,0.48,-0.1,0.71,0,0.0,0
290,13,-5,16,0.62,-0.24,0.76,0,0.0,0
300,17,-7,20,0.81,-0.33,0.95,0,0.0,0
310,14,-7,17,0.67,-0.33,0.81,0,0.0,0
320,12,-6,12,0.57,-0.29,0.57,0,0.0,0
330,9,-5,11,0.43,-0.24,0.52,0,0.0,0
340,11,-7,14,0.52,-0.33,0.67,0,0.0,0
350,16,-7,19,0.76,-0.33,0.9,0,0.0,0
360,22,-6,21,1.05,-0.29,1.0,0,0.0,0
370,14,-2,16,0.67,-0.1,0.76,0,0.0,0
380,13,-4,14,0.62,-0.19,0.67,0,0.0,0
390,11,-5,13,0.52,-0.24,0.62,0,0.0,0
400,13,-4,13,0.62,-0.19,0.62,0,0.0,0
410,15,-6,18,0.71,-0.29,0.86,0,0.0,0
420,18,-6,18,0.86,-0.29,0.86,0,0.0,0
430,16,-7,16,0.76,-0.33,0.76,0,0.0,0
440,12,-6,14,0.57,-0.29,0.67,0,0.0,0
450,9,-6,12,0.43,-0.29,0.57,0,0.0,0
460,12,-3,14,0.57,-0.14,0.67,0,0.0,0
470,15,-4,19,0.71,-0.19,0.9,0,0.0,0
480,16,-5,21,0.76,-0.24,1.0,0,0.0,0
490,15,-5,17,0.71,-0.24,0.81,0,0.0,0
500,9,-4,13,0.43,-0.19,0.62,0,0.0,0
510,10,-7,11,0.48,-0.33,0.52,0,0.0,0
520,13,-6,16,0.62,-0.29,0.76,0,0.0,0
530,15,-9,17,0.71,-0.43,0.81,0,0.0,0
540,18,-8,17,0.86,-0.38,0.81,0,0.0,0
550,23,-7,18,1.1,-0.33,0.86,0,0.0,0
560,13,-5,13,0.62,-0.24,0.62,0,0.0,0
570,13,-5,11,0.62,-0.24,0.52,0,0.0,0
580,12,-5,12,0.57,-0.24,0.57,0,0.0,0
590,17,-6,15,0.81,-0.29,0.71,0,0.0,0
600,20,-4,16,0.95,-0.19,0.76,0,0.0,0
610,25,-4,15,1.19,-0.19,0.71,0,0.0,0
620,14,-6,11,0.67,-0.29,0.52,0,0.0,0
630,14,-7,12,0.67,-0.33,0.57,0,0.0,0
640,15,-6,13,0.71,-0.29,0.62,0,0.0,0
650,16,-5,15,0.81,-0.29,0.76,0,0.0,0
660,11,-5,19,0.52,-0.24,0.9,0,0.0,0
670,15,-6,19,0.71,-0.29,0.9,0,0.0,0
680,12,-6,18,0.57,-0.29,0.86,0,0.0,0
690,9,-5,17,0.43,-0.24,0.81,0,0.0,0
700,15,-3,19,0.71,-0.14,0.9,0,0.0,0
710,15,-3,16,0.71,-0.14,0.76,0,0.0,0
720,17,-3,20,0.81,-0.14,0.95,0,0.0,0
730,17,-1,19,0.81,-0.05,0.9,0,0.0,0
740,15,0,15,0.71,0.0,0.71,0,0.0,0
750,12,0,12,0.67,0.05,0.52,0,0.0,0
760,13,-1,16,0.62,-0.05,0.76,0,0.0,0
770,17,3,18,0.81,0.14,0.86,0,0.0,0
780,8,1,18,0.38,0.05,0.86,0,0.0,0
790,9,-6,13,0.43,-0.29,0.62,0,0.0,0
800,11,-12,15,0.52,-0.57,0.71,0,0.0,0
810,8,-6,20,0.38,-0.29,0.95,0,0.0,0
820,12,-10,21,0.57,-0.48,1.0,0,0.0,0
830,9,-10,16,0.43,-0.48,0.76,0,0.0,0
840,10,-7,17,0.48,-0.33,0.81,0,0.0,0
850,9,-8,16,0.43,-0.38,0.9,0,0.0,0
860,15,-6,24,0.71,-0.29,1.14,0,0.0,0
870,10,-7,20,0.48,-0.33,0.95,0,0.0,0
880,8,-7,12,0.38,-0.33,0.57,0,0.0,0
890,7,-5,15,0.33,-0.24,0.71,0,0.0,0
900,10,-6,18,0.48,-0.29,0.86,0,0.0,0
910,12,-7,19,0.57,-0.33,0.9,0,0.0,0
920,9,-7,16,0.43,-0.33,0.76,0,0.0,0
930,12,-8,18,0.57,-0.38,0.86,0,0.0,0
940,13,-8,17,0.62,-0.38,0.81,0,0.0,0
950,11,-6,16,0.52,-0.29,0.76,0,0.0,0
960,14,-6,19,0.67,-0.29,0.9,0,0.0,0
970,11,-5,18,0.52,-0.24,0.86,0,0.0,0
980,9,-5,16,0.43,-0.24,0.76,0,0.0,0
990,11,-6,17,0.52,-0.29,0.81,0,0.0,0
1000,9,-3,18,0.43,-0.14,0.86,0,0.0,0
1010,9,-2,18,0.43,-0.1,0.86,0,0.0,0
1020,11,-5,18,0.52,-0.24,0.86,0,0.0,0
1030,15,-5,19,0.71,-0.24,0.9,0,0.0,0
1040,14,-6,19,0.67,-0.29,0.9,0,0.0,0
1050,15,-6,19,0.71,-0.29,0.9,0,0.0,0
1060,13,-5,15,0.62,-0.24,0.71,0,0.0,0
1070,13,-6,15,0.62,-0.29,0.71,0,0.0,0
1080,15,-6,17,0.71,-0.29,0.81,0,0.0,0
1090,16,-3,17,0.76,-0.14,0.81,0,0.0,0
1100,14,-2,18,0.67,-0.1,0.86,0,0.0,0
1110,13,-2,16,0.62,-0.1,0.76,0,0.0,0
1120,8,-2,18,0.38,-0.1,0.86,0,0.0,0
1130,10,-4,19,0.48,-0.19,0.9,0,0.0,0
1140,9,-4,17,0.43,-0.19,0.81,0,0.0,0
1150,15,-4,19,0.71,-0.19,0.9,0,0.0,0
1160,12,-6,17,0.57,-0.29,0.81,0,0.0,0
1170,16,-5,18,0.76,-0.24,0.86,0,0.0,0
1180,13,-5,15,0.62,-0.24,0.71,0,0.0,0
1190,12,-3,16,0.57,-0.14,0.76,0,0.0,0
1200,13,-6,19,0.62,-0.29,0.9,0,0.0,0
1210,15,-6,20,0.71,-0.29,0.95,0,0.0,0
1220,9,-4,16,0.43,-0.19,0.76,0,0.0,0
1230,13,-3,17,0.62,-0.14,0.81,0,0.0,0
1240,10,-5,17,0.48,-0.24,0.81,0,0.0,0
1250,11,-3,15,0.52,-0.14,0.71,0,0.0,0
1260,10,-3,15,0.48,-0.14,0.71,0,0.0,0
1270,17,-6,21,0.81,-0.29,1.0,0,0.0,0
1280,13,-5,19,0.62,-0.24,0.9,0,0.0,0
1290,12,-7,16,0.57,-0.33,0.76,0,0.0,0
1300,13,-6,17,0.62,-0.29,0.81,0,0.0,0
1310,11,-4,15,0.52,-0.19,0.71,0,0.0,0
1320,10,-6,16,0.48,-0.29,0.76,0,0.0,0
1330,14,-6,17,0.67,-0.29,0.81,0,0.0,0
1340,15,-7,18,0.71,-0.33,0.86,0,0.0,0
1350,13,-5,14,0.62,-0.24,0.67,0,0.0,0
1360,17,-4,17,0.81,-0.19,0.81,0,0.0,0
1370,15,-3,15,0.71,-0.14,0.71,0,0.0,0
1380,13,-3,16,0.62,-0.14,0.76,0,0.0,0
1390,12,-2,15,0.57,-0.1,0.71,0,0.0,0
1400,13,-5,17,0.62,-0.24,0.81,0,0.0,0
1410,15,-6,19,0.71,-0.29,0.9,0,0.0,0
1420,12,-5,14,0.57,-0.24,0.67,0,0.0,0
1430,16,-5,17,0.76,-0.24,0.81,0,0.0,0
1440,13,-4,14,0.62,-0.19,0.67,0,0.0,0
1450,14,-6,16,0.67,-0.29,0.76,0,0.0,0
1460,13,-6,17,0.62,-0.29,0.81,0,0.0,0
1470,13,-5,16,0.62,-0.24,0.76,0,0.0,0
1480,12,-4,18,0.57,-0.19,0.86,0,0.0,0
1490,14,-4,17,0.67,-0.19,0.81,0,0.0,0
1500,14,-3,17,0.67,-0.14,0.81,0,0.0,0
1510,15,-5,16,0.71,-0.24,0.76,0,0.0,0
1520,11,-4,14,0.52,-0.19,0.67,0,0.0,0
1530,12,-4,15,0.57,-0.19,0.71,0,0.0,0
1540,13,-3,15,0.62,-0.14,0.71,0,0.0,0
1550,14,-4,16,0.67,-0.19,0.76,0,0.0,0
1560,15,-7,18,0.71,-0.33,0.86,0,0.0,0
1570,12,-5,15,0.57,-0.24,0.71,0,0.0,0
1580,15,-4,18,0.71,-0.19,0.86,0,0.0,0
1590,12,-5,17,0.57,-0.24,0.81,0,0.0,0
1600,14,-5,15,0.67,-0.24,0.71,0,0.0,0
1610,10,-7,16,0.48,-0.33,0.76,0,0.0,0
1620,11,-7,16,0.52,-0.33,0.76,0,0.0,0
1630,12,-4,19,0.57,-0.19,0.9,0,0.0,0
1640,15,-5,18,0.71,-0.24,0.86,0,0.0,0
1650,13,-5,16,0.62,-0.24,0.76,0,0.0,0
1660,12,-4,17,0.57,-0.19,0.81,0,0.0,0
1670,12,-7,17,0.57,-0.33,0.81,0,0.0,0
1680,11,-8,17,0.52,-0.38,0.81,0,0.0,0
1690,10,-10,17,0.48,-0.48,0.81,0,0.0,0
1700,14,-8,17,0.67,-0.38,0.81,0,0.0,0
1710,13,-9,13,0.62,-0.43,0.62,0,0.0,0
1720,8,-12,4,0.38,-0.57,0.19,0,0.0,0
1730,15,-16,11,0.71,-0.76,0.52,0,0.0,0
1740,15,-16,13,0.71,-0.76,0.62,0,0.0,0
1750,13,-12,13,0.62,-0.57,0.62,0,0.0,0
1760,13,-7,12,0.62,-0.33,0.57,0,0.0,0
1770,17,-11,14,0.81,-0.52,0.67,0,0.0,0
1780,18,-13,13,0.86,-0.62,0.62,0,0.0,0
1790,16,-14,11,0.76,-0.67,0.52,0,0.0,0
1800,17,-14,10,0.81,-0.67,0.48,0,0.0,0
1810,16,-14,11,0.76,-0.67,0.52,0,0.0,0
1820,13,-15,10,0.62,-0.71,0.48,0,0.0,0
1830,11,-17,10,0.52,-0.81,0.48,0,0.0,0
1840,9,-17,11,0.43,-0.81,0.52,0,0.0,0
1850,9,-21,10,0.43,-1.0,0.48,0,0.01,0
1860,4,-24,9,0.19,-1.14,0.43,0,0.02,0
1870,0,-23,9,0.0,-1.1,0.43,0,0.06,0
1880,-5,-21,9,-0.24,-1.0,0.43,0,0.26,0
1890,-9,-15,8,-0.43,-0.71,0.38,0,0.84,0
1900,-13,-11,9,-0.62,-0.52,0.43,0,0.99,0
1910,-16,-8,7,-0.76,-0.38,0.33,0,1.0,0
1920,-17,-5,8,-0.81,-0.24,0.38,0,1.0,0
1930,-19,-5,8,-0.9,-0.24,0.38,0,1.0,0
1940,-19,-2,9,-0.9,-0.1,0.43,0,1.0,0
1950,-20,-1,9,-0.95,-0.05,0.43,0,1.0,0
1960,-18,0,7,-0.86,0.0,0.33,0,1.0,0
1970,-20,1,8,-0.95,0.05,0.38,0,1.0,0
1980,-21,2,9,-1.0,0.1,0.43,0,1.0,0
1990,-19,2,7,-0.9,0.1,0.33,0,1.0,0
2000,-20,3,7,-0.95,0.14,0.33,0,1.0,0
2010,-20,3,7,-0.95,0.14,0.33,0,1.0,0
2020,-21,3,7,-1.0,0.14,0.33,0,1.0,0
2030,-21,2,6,-1.0,0.1,0.29,0,1.0,0
2040,-21,2,7,-1.0,0.1,0.33,0,1.0,0
2050,-21,3,7,-1.0,0.14,0.33,0,1.0,0
2060,-20,4,7,-0.95,0.19,0.33,0,1.0,0
2070,-20,5,7,-0.95,0.24,0.33,0,1.0,0
2080,-21,5,6,-1.0,0.24,0.29,0,1.0,0
2090,-20,4,7,-0.95,0.19,0.33,0,1.0,0
2100,-20,5,7,-0.95,0.24,0.33,0,1.0,0
2110,-20,4,7,-0.95,0.19,0.33,0,1.0,0
2120,-19,6,6,-1.0,0.24,0.33,0,1.0,0
2130,-18,4,7,-0.86,0.19,0.33,0,1.0,0
2140,-20,4,8,-0.95,0.19,0.38,0,1.0,0
2150,-20,5,7,-0.95,0.24,0.33,0,1.0,0
2160,-19,5,6,-0.9,0.24,0.29,0,1.0,0
2170,-17,3,5,-0.81,0.14,0.24,0,1.0,0
2180,-18,2,6,-0.86,0.1,0.29,0,1.0,0
2190,-19,-3,9,-0.9,-0.14,0.43,0,1.0,0
2200,-19,-6,8,-0.9,-0.29,0.38,0,1.0,0
2210,-13,-5,6,-0.62,-0.24,0.29,0,1.0,0
2220,-9,-11,10,-0.43,-0.67,0.43,0,1.0,0
2230,0,-20,11,0.0,-0.95,0.52,0,1.0,0
2240,8,-21,11,0.38,-1.0,0.52,0,0.99,0
2250,12,-18,11,0.57,-0.86,0.52,0,0.96,0
2260,21,-12,10,1.0,-0.57,0.48,0,0.59,0
2270,24,-9,9,1.14,-0.43,0.43,0,0.15,0
2280,22,-6,5,1.05,-0.29,0.24,0,0.03,0
2290,23,-4,6,1.1,-0.19,0.29,0,0.01,0
2300,21,-3,5,1.0,-0.14,0.24,0,0.0,0
2310,22,-2,5,1.05,-0.1,0.24,0,0.0,0
2320,20,-3,4,1.1,-0.1,0.29,0,0.0,0
2330,22,-3,5,1.05,-0.14,0.24,0,0.0,0
2340,20,-1,4,0.95,-0.05,0.19,0,0.0,0
2350,22,-3,3,1.05,-0.14,0.14,0,0.0,0
2360,20,-1,6,0.95,-0.05,0.29,0,0.0,0
2370,22,-1,5,1.05,-0.05,0.24,0,0.0,0
2380,23,-2,5,1.1,-0.1,0.24,0,0.0,0
2390,21,-1,6,1.0,-0.05,0.29,0,0.0,0
2400,20,2,6,0.95,0.1,0.29,0,0.0,0
2410,22,1,7,1.05,0.05,0.33,0,0.0,0
2420,22,1,7,1.05,0.05,0.33,0,0.0,0
2430,19,2,10,0.9,0.1,0.48,0,0.0,0
2440,18,0,8,0.86,0.0,0.38,0,0.0,0
2450,20,1,8,0.95,0.05,0.38,0,0.0,0
2460,18,1,10,0.86,0.05,0.48,0,0.0,0
2470,19,1,10,0.9,0.05,0.48,0,0.0,0
2480,19,0,10,0.9,0.0,0.48,0,0.0,0
2490,20,0,10,0.95,0.0,0.48,0,0.0,0
2500,24,-3,9,1.14,-0.14,0.43,0,0.0,0
2510,21,-2,9,1.0,-0.1,0.43,0,0.0,0
2520,24,-2,8,1.14,-0.1,0.38,0,0.0,0
2530,20,-2,8,0.95,-0.1,0.38,0,0.0,0
2540,19,-4,8,0.9,-0.19,0.38,0,0.0,0
2550,19,-4,11,0.9,-0.19,0.52,0,0.0,0
2560,17,-6,12,0.81,-0.29,0.57,0,0.0,0
2570,17,-7,11,0.81,-0.33,0.52,0,0.0,0
2580,17,-7,11,0.81,-0.33,0.52,0,0.0,0
2590,18,-5,11,0.86,-0.24,0.52,0,0.0,0
2600,20,-5,10,0.95,-0.24,0.48,0,0.0,0
2610,19,-2,11,0.9,-0.1,0.52,0,0.0,0
2620,20,-4,11,0.95,-0.19,0.52,0,0.0,0
2630,17,-4,11,0.81,-0.19,0.52,0,0.0,0
2640,18,-3,10,0.86,-0.14,0.48,0,0.0,0
2650,18,-11,5,0.86,-0.52,0.24,0,0.0,0
2660,19,-11,4,0.9,-0.52,0.19,0,0.0,0
2670,20,-10,5,0.95,-0.48,0.24,0,0.0,0
2680,19,-9,6,0.9,-0.43,0.29,0,0.0,0
2690,20,-10,4,0.95,-0.48,0.19,0,0.0,0
2700,20,-10,5,0.95,-0.48,0.24,0,0.0,0
2710,21,-10,3,1.0,-0.48,0.14,0,0.0,0
2720,21,-8,5,1.0,-0.38,0.24,0,0.0,0
2730,24,-8,4,1.14,-0.38,0.19,0,0.0,0
2740,24,-8,3,1.14,-0.38,0.14,0,0.0,0
2750,22,-8,5,1.05,-0.38,0.24,0,0.0,0
2760,21,-8,4,1.0,-0.38,0.19,0,0.0,0
2770,21,-8,5,1.0,-0.38,0.24,0,0.0,0
2780,19,-7,8,0.9,-0.33,0.38,0,0.0,0
2790,17,-8,7,0.81,-0.38,0.33,0,0.0,0
2800,15,-9,11,0.71,-0.43,0.52,0,0.01,0
2810,12,-10,12,0.57,-0.48,0.57,0,0.02,0
2820,11,-12,14,0.52,-0.57,0.67,0,0.03,0
2830,11,-14,15,0.52,-0.67,0.71,0,0.01,0
2840,10,-12,14,0.48,-0.57,0.67,0,0.0,0
2850,11,-12,14,0.52,-0.57,0.67,0,0.0,0
2860,11,-12,15,0.52,-0.57,0.71,0,0.0,0
2870,12,-11,17,0.57,-0.52,0.81,0,0.0,0
2880,9,-22,12,0.43,-1.05,0.57,0,0.0,0
2890,7,-16,7,0.33,-0.76,0.33,0,0.0,0
2900,8,-22,13,0.38,-1.05,0.62,0,0.0,0
2910,4,-15,6,0.19,-0.71,0.29,0,0.0,0
2920,0,-10,11,0.0,-0.48,0.52,0,0.0,0
2930,5,-25,1,0.24,-1.19,0.05,0,0.0,0
2940,8,-32,-12,0.38,-1.52,-0.57,0,0.0,0
2950,16,-13,13,0.76,-0.62,0.62,0,0.0,0
2960,17,3,24,0.81,0.14,1.14,0,0.0,0
2970,18,-13,18,0.86,-0.62,0.86,0,0.0,0
2980,8,-23,5,0.38,-1.1,0.24,0,0.0,0
2990,1,-15,7,0.05,-0.71,0.33,0,0.0,0
3000,3,-24,11,0.14,-1.14,0.52,0,0.02,0
3010,-2,-23,12,-0.19,-0.86,0.48,0,0.53,0
3020,-5,-11,10,-0.24,-0.52,0.48,0,0.92,0
3030,-6,-21,7,-0.29,-1.0,0.33,0,0.99,0
3040,-11,-32,6,-0.52,-1.52,0.29,0,1.0,0
3050,-15,-19,3,-0.71,-0.9,0.14,0,1.0,0
3060,-7,-4,-6,-0.33,-0.19,-0.29,0,0.9,0
3070,4,-10,-13,0.19,-0.48,-0.62,0,0.05,0
3080,-15,-23,-2,-0.71,-1.1,-0.1,0,0.09,0
3090,-9,-17,-2,-0.43,-0.81,-0.1,0,0.15,0
3100,-5,-9,-1,-0.24,-0.43,-0.05,0,0.13,0
3110,-16,-22,21,-1.43,1.19,0.0,0,0.3,0
3120,-16,-32,10,-0.76,-1.52,0.48,0,0.72,0
3130,-8,-15,5,-0.38,-0.71,0.24,0,0.94,0
3140,-16,-14,8,-0.76,-0.67,0.38,0,0.99,0
3150,-26,-26,3,-1.24,-1.24,0.14,0,1.0,0
3160,-17,-22,-8,-0.81,-1.05,-0.38,0,0.99,0
3170,-1,-3,-6,-0.05,-0.14,-0.29,0,0.89,0
3180,-2,-2,-3,-0.1,-0.1,-0.14,0,0.61,0
3190,-32,9,-13,-1.52,0.43,-0.62,0,0.41,0
3200,-32,26,-32,-1.52,1.24,-1.52,0,0.34,0
3210,-4,4,-9,-0.19,0.19,-0.43,0,0.26,0
3220,16,4,7,0.76,0.19,0.33,0,0.11,0
3230,-17,-13,-2,-0.81,-0.62,-0.1,0,0.06,0
3240,-32,-4,-3,-1.52,-0.19,-0.14,0,0.03,0
3250,-14,-1,-6,-0.67,-0.05,-0.29,0,0.01,0
3260,1,0,-1,0.05,0.0,-0.05,0,0.0,0
3270,-32,-8,-13,-1.52,-0.38,-0.62,0,0.0,0
3280,-28,-1,-6,-1.33,-0.05,-0.29,0,0.0,0
3290,-3,-3,-6,-0.14,-0.14,-0.29,0,0.0,0
3300,-2,0,-9,-0.1,0.0,-0.43,0,0.0,0
3310,-32,-8,-3,-1.52,-0.38,-0.14,0,0.0,0
3320,-27,-11,6,-1.29,-0.52,0.29,0,0.0,0
3330,-2,-8,-4,-0.1,-0.38,-0.19,0,0.0,0
3340,-1,-1,-8,-0.05,-0.05,-0.38,0,0.0,0
3350,-32,-11,1,-1.52,-0.52,0.05,0,0.0,0
3360,-23,-14,9,-1.1,-0.67,0.43,0,0.0,0
3370,-2,-2,-1,-0.1,-0.1,-0.05,0,0.0,0
3380,-3,3,-8,-0.14,0.14,-0.57,0,0.0,0
3390,-32,-14,1,-1.52,-0.67,0.05,0,0.0,0
3400,-26,-1,16,-1.24,-0.05,0.76,0,0.0,0
3410,-1,-7,1,-0.05,-0.33,0.05,0,0.0,0
3420,-8,-5,-13,-0.38,-0.24,-0.62,0,0.0,0
3430,-32,-17,4,-1.52,-0.81,0.19,0,0.0,0
3440,-22,-12,11,-1.05,-0.57,0.52,0,0.0,0
3450,2,-1,-9,0.1,-0.05,-0.43,0,0.0,0
3460,-9,-2,-3,-0.43,-0.1,-0.14,0,0.0,0
3470,-32,-11,-3,-1.52,-0.52,-0.14,0,0.0,0
3480,-25,-14,9,-1.19,-0.67,0.43,0,0.0,0
3490,3,-4,-5,0.14,-0.19,-0.24,0,0.0,0
3500,2,-2,-6,0.1,-0.1,-0.29,0,0.0,0
3510,-32,-19,3,-1.52,-0.9,0.14,0,0.0,0
3520,-20,-17,13,-0.95,-0.81,0.62,0,0.0,0
3530,-3,-6,5,-0.14,-0.29,0.24,0,0.0,0
3540,2,-2,-4,0.1,-0.1,-0.19,0,0.0,0
3550,-4,-22,7,-0.19,-1.05,0.33,0,0.0,0
3560,-21,-26,1,-1.0,-1.24,0.05,0,0.0,0
3570,-16,-32,10,-0.76,-1.52,0.48,0,0.0,0
3580,-3,-25,3,-0.14,-1.19,0.14,0,0.0,0
3590,0,-22,3,0.0,-1.05,0.14,0,0.0,0
3600,-1,-19,2,-0.05,-0.9,0.1,0,0.0,0
3610,1,-13,0,0.05,-0.62,0.0,0,0.0,0
3620,12,-20,11,0.57,-0.95,0.52,0,0.0,0
3630,20,-26,11,0.95,-1.24,0.52,0,0.0,0
3640,12,-19,12,0.57,-0.9,0.57,0,0.0,0
3650,14,-15,8,0.67,-0.71,0.38,0,0.0,0
3660,14,-14,7,0.67,-0.67,0.33,0,0.0,0
3670,12,-16,7,0.57,-0.76,0.33,0,0.0,0
3680,12,-18,10,0.57,-0.86,0.48,0,0.0,0
3690,12,-18,13,0.57,-0.86,0.62,0,0.01,0
3700,10,-27,16,0.48,-1.29,0.76,0,0.02,0
3710,1,-15,3,0.05,-0.71,0.14,0,0.13,0
3720,-5,-21,-7,-0.24,-1.0,-0.33,0,0.01,0
3730,-1,-27,-16,-0.05,-1.29,-0.76,0,0.0,0
3740,4,-21,-32,0.19,-1.0,-1.52,0,0.0,0
3750,15,0,1,0.71,0.0,0.05,0,0.0,0
3760,28,-9,31,1.33,-0.43,1.48,0,0.0,0
3770,26,-17,14,1.24,-0.81,0.67,0,0.0,0
3780,-1,-20,-22,-0.05,-0.95,-1.05,0,0.0,0
3790,-4,-27,-10,-0.19,-1.29,-0.48,0,0.0,0
3800,-4,-23,-1,-0.19,-1.1,-0.05,0,0.0,0
3810,-6,-27,0,-0.29,-1.29,0.0,0,0.02,0
3820,-17,-32,0,-0.81,-1.52,0.0,0,0.12,0
3830,-9,-20,0,-0.43,-0.95,0.0,0,0.35,0
3840,-4,-2,5,-0.19,-0.1,0.24,0,0.31,0
3850,-2,13,2,-0.38,0.76,0.1,0,0.01,0
3860,-21,2,5,-1.0,0.1,0.24,0,0.06,0
3870,-19,-3,-3,-0.9,-0.14,-0.14,0,0.01,0
3880,-24,31,12,-1.14,1.48,0.57,0,0.0,0
3890,-14,-20,-2,-0.67,-0.95,-0.1,0,0.01,0
3900,-27,31,10,-1.29,1.48,0.48,0,0.01,0
3910,-17,-16,-14,-0.81,-0.76,-0.67,0,0.0,0
3920,-24,29,2,-1.14,1.38,0.1,0,0.0,0
3930,-19,6,-7,-0.9,0.29,-0.33,0,0.0,0
3940,-16,-3,-4,-0.76,-0.14,-0.19,0,0.0,0
3950,-23,21,0,-1.1,1.0,0.0,0,0.0,0
3960,-15,5,-6,-0.71,0.24,-0.29,0,0.0,0
3970,-17,13,7,-0.81,0.62,0.33,0,0.0,0
3980,-12,9,-1,-0.57,0.43,-0.05,0,0.0,0
3990,-8,-21,-6,-0.38,-1.0,-0.29,0,0.0,0
4000,5,-21,27,0.24,-1.0,1.29,0,0.0,0
4010,30,-32,31,1.43,-1.52,1.48,0,0.0,0
4020,7,-15,10,0.33,-0.71,0.48,0,0.0,0
4030,6,-5,5,0.29,-0.24,0.24,0,0.0,0
4040,23,-24,20,1.1,-1.14,0.95,0,0.0,0
4050,8,-16,12,0.38,-0.76,0.57,0,0.01,0
4060,3,-7,6,0.14,-0.33,0.29,0,0.04,0
4070,11,-18,11,0.52,-0.86,0.52,0,0.01,0
4080,14,-16,15,0.67,-0.76,0.71,0,0.0,0
4090,9,-13,12,0.43,-0.62,0.57,0,0.01,0
4100,11,-14,14,0.52,-0.67,0.67,0,0.0,0
4110,9,-14,12,0.43,-0.67,0.57,0,0.0,0
4120,8,-15,10,0.38,-0.71,0.48,0,0.0,0
4130,10,-19,7,0.48,-0.9,0.33,0,0.0,0
4140,13,-18,8,0.62,-0.86,0.38,0,0.0,0
4150,12,-22,5,0.57,-1.05,0.24,0,0.0,0
4160,9,-22,5,0.43,-1.05,0.24,0,0.0,0
4170,7,-17,8,0.33,-0.81,0.38,0,0.0,0
4180,11,-16,9,0.52,-0.76,0.57,0,0.0,0
4190,15,-21,9,0.71,-1.0,0.43,0,0.0,0
4200,8,-13,7,0.38,-0.62,0.33,0,0.0,0
4210,11,-15,9,0.52,-0.71,0.43,0,0.0,0
4220,19,-18,3,0.9,-0.86,0.14,0,0.0,0
4230,16,-17,-1,0.76,-0.81,-0.05,0,0.0,0
4240,17,-16,5,0.81,-0.76,0.24,0,0.0,0
4250,23,0,14,1.1,0.0,0.67,0,0.0,0
4260,18,3,13,0.86,0.14,0.62,0,0.0,0
4270,17,-10,5,0.81,-0.48,0.24,0,0.0,0
4280,19,-24,-4,0.9,-1.43,-0.33,0,0.0,0
4290,12,-18,5,0.57,-0.86,0.24,0,0.02,0
4300,5,-13,10,0.24,-0.62,0.48,0,0.4,0
4310,5,-13,9,0.24,-0.62,0.43,0,0.64,0
4320,7,-16,10,0.33,-0.76,0.48,0,0.46,0
4330,6,-18,12,0.29,-0.86,0.57,0,0.55,0
4340,11,-23,11,0.52,-1.1,0.52,0,0.13,0
4350,5,-29,5,0.24,-1.38,0.24,0,0.21,0
4360,-1,-26,-1,-0.05,-1.24,-0.05,0,0.16,0
4370,-5,-24,-3,-0.24,-1.14,-0.14,0,0.07,0
4380,-9,-21,1,-0.43,-1.0,0.05,0,0.24,0
4390,-16,-12,2,-0.76,-0.57,0.1,0,0.15,0
4400,-15,-4,4,-0.71,-0.19,0.19,0,0.11,0
4410,-16,4,3,-0.76,0.19,0.14,0,0.02,0
4420,-18,6,4,-0.86,0.29,0.19,0,0.01,0
4430,-21,4,4,-1.0,0.19,0.19,0,0.01,0
4440,-23,5,5,-1.1,0.24,0.24,0,0.01,0
4450,-21,2,4,-1.0,0.1,0.19,0,0.01,0
4460,-20,4,4,-0.95,0.19,0.19,0,0.02,0
4470,-21,5,4,-1.0,0.24,0.19,0,0.02,0
4480,-21,5,4,-0.95,0.29,0.19,0,0.02,0
4490,-21,5,3,-1.0,0.24,0.14,0,0.02,0
4500,-20,6,4,-0.95,0.29,0.19,0,0.02,0
4510,-20,6,4,-0.95,0.29,0.19,0,0.02,0
4520,-21,4,4,-1.0,0.19,0.19,0,0.02,0
4530,-21,5,4,-1.0,0.24,0.19,0,0.02,0
4540,-22,6,4,-1.05,0.29,0.19,0,0.02,0
4550,-19,4,4,-0.9,0.19,0.19,0,0.03,0
4560,-21,5,4,-1.0,0.24,0.19,0,0.05,0
4570,-21,4,4,-1.0,0.19,0.19,0,0.1,0
4580,-21,5,4,-1.0,0.24,0.19,0,0.24,0
4590,-21,3,4,-1.0,0.14,0.19,0,0.56,0
4600,-22,7,4,-1.05,0.33,0.19,0,0.74,0
4610,-22,5,4,-1.05,0.24,0.19,0,0.84,0
4620,-21,3,3,-1.0,0.14,0.14,0,0.88,0
4630,-22,5,5,-1.05,0.24,0.24,0,0.93,0
4640,-19,4,4,-0.9,0.19,0.19,0,0.96,0
4650,-8,5,1,-0.38,0.24,0.05,0,0.94,0
4660,-3,-6,0,-0.14,-0.29,0.0,0,0.92,0
4670,5,-23,-2,0.24,-1.1,-0.1,0,0.45,0
4680,9,-31,3,0.43,-1.48,0.14,0,0.39,0
4690,29,-18,6,1.38,-0.86,0.29,0,0.1,0
4700,30,-32,16,1.43,-1.52,0.76,0,0.06,0
4710,21,-4,5,1.0,-0.19,0.24,0,0.02,0
4720,13,-4,1,0.62,-0.19,0.05,0,0.01,0
4730,25,-6,2,1.19,-0.29,0.1,0,0.0,0
4740,26,4,5,1.24,0.19,0.24,0,0.0,0
4750,21,-4,4,1.0,-0.19,0.19,0,0.0,0
4760,24,-4,7,1.14,-0.19,0.33,0,0.0,0
4770,26,-7,9,1.24,-0.33,0.43,0,0.0,0
4780,21,-19,3,1.0,-0.9,0.14,0,0.0,0
4790,5,-14,4,0.24,-0.67,0.19,0,0.06,0
4800,7,-7,7,0.33,-0.33,0.33,0,0.03,0
4810,20,-27,13,0.95,-1.29,0.62,0,0.11,0
4820,14,-20,5,0.67,-0.95,0.24,0,0.11,0
4830,9,-16,4,0.43,-0.76,0.19,0,0.15,0
4840,6,-26,6,0.29,-1.24,0.29,0,0.7,0
4850,3,-21,8,0.14,-1.0,0.38,0,0.96,0
4860,-3,-21,8,-0.14,-1.0,0.38,0,1.0,0
4870,-5,-20,7,-0.24,-0.95,0.33,0,1.0,0
4880,-10,-19,8,-0.48,-0.9,0.38,0,1.0,0
4890,-14,-14,6,-0.67,-0.67,0.29,0,1.0,0
4900,-17,-10,7,-0.81,-0.48,0.33,0,1.0,0
4910,-18,-8,6,-0.86,-0.38,0.29,0,1.0,0
4920,-21,-3,5,-1.0,-0.14,0.24,0,1.0,0
4930,-20,-2,5,-0.95,-0.1,0.24,0,1.0,0
4940,-20,0,5,-0.95,0.0,0.24,0,1.0,0
4950,-21,2,4,-1.0,0.1,0.19,0,1.0,0
4960,-22,3,4,-1.05,0.14,0.19,0,1.0,0
4970,-20,4,3,-0.95,0.19,0.14,0,1.0,0
4980,-21,6,3,-1.0,0.29,0.14,0,1.0,0
4990,-19,7,2,-0.9,0.33,0.1,0,1.0,0
5000,-20,6,3,-0.95,0.29,0.14,0,1.0,0
5010,-20,7,3,-0.95,0.33,0.14,0,1.0,0
5020,-20,8,3,-0.95,0.38,0.14,0,1.0,0
5030,-20,8,2,-0.95,0.38,0.1,0,1.0,0
5040,-21,7,3,-1.0,0.33,0.14,0,1.0,0
5050,-20,7,2,-0.95,0.33,0.1,0,1.0,0
5060,-22,7,3,-1.05,0.33,0.14,0,1.0,0
5070,-19,8,3,-0.9,0.38,0.14,0,1.0,0
5080,-17,6,1,-0.81,0.29,0.05,0,1.0,0
5090,-18,4,3,-0.86,0.19,0.14,0,1.0,0
5100,-18,3,3,-0.86,0.14,0.14,0,1.0,0
5110,-18,0,5,-0.86,0.0,0.24,0,1.0,0
5120,-12,-10,6,-0.57,-0.48,0.29,0,1.0,0
5130,-6,-15,7,-0.29,-0.71,0.33,0,1.0,0
5140,3,-20,8,0.14,-0.95,0.38,0,1.0,0
5150,12,-20,7,0.67,-0.95,0.29,0,0.99,0
5160,24,-15,6,1.14,-0.71,0.29,0,0.94,0
5170,30,-13,4,1.43,-0.62,0.19,0,0.67,0
5180,24,-11,6,1.14,-0.52,0.29,0,0.27,0
5190,22,-6,4,1.05,-0.29,0.19,0,0.08,0
5200,24,-8,3,1.14,-0.38,0.14,0,0.03,0
5210,23,-7,4,1.1,-0.33,0.19,0,0.01,0
5220,20,-10,6,0.95,-0.48,0.29,0,0.01,0
5230,17,-12,8,0.81,-0.57,0.38,0,0.01,0
5240,14,-13,7,0.67,-0.62,0.33,0,0.01,0
5250,17,-9,6,0.81,-0.67,0.29,0,0.0,0
5260,18,-12,7,0.86,-0.57,0.33,0,0.0,0
5270,15,-7,8,0.71,-0.33,0.38,0,0.0,0
5280,20,-6,8,0.95,-0.29,0.38,0,0.0,0
5290,23,-5,8,1.1,-0.24,0.38,0,0.0,0
5300,20,-7,8,0.95,-0.33,0.38,0,0.0,0
5310,20,-5,7,0.95,-0.24,0.33,0,0.0,0
5320,22,-5,7,1.05,-0.24,0.33,0,0.0,0
5330,20,-3,6,0.95,-0.14,0.29,0,0.0,0
5340,20,-4,11,0.95,-0.19,0.52,0,0.0,0
5350,20,-6,10,0.95,-0.29,0.38,0,0.0,0
5360,19,-5,8,0.9,-0.24,0.38,0,0.0,0
5370,22,-6,8,1.05,-0.29,0.38,0,0.0,0
5380,19,-6,5,0.9,-0.29,0.24,0,0.0,0
5390,22,-4,6,1.05,-0.19,0.29,0,0.0,0
5400,19,-7,5,0.9,-0.33,0.24,0,0.0,0
5410,22,-10,4,1.05,-0.48,0.19,0,0.0,0
5420,24,-10,4,1.14,-0.48,0.19,0,0.0,0
5430,12,-6,11,0.57,-0.29,0.52,0,0.0,0
5440,17,-6,4,0.81,-0.29,0.19,0,0.0,0
5450,27,-16,5,1.29,-0.76,0.24,0,0.0,0
5460,12,-12,1,0.57,-0.57,0.05,0,0.01,0
5470,18,-11,4,0.86,-0.52,0.19,0,0.0,0
5480,30,-6,4,1.43,-0.29,0.19,0,0.0,0
5490,17,-3,9,0.81,-0.14,0.43,0,0.0,0
5500,14,-3,6,0.67,-0.14,0.29,0,0.0,0
5510,23,-10,10,1.1,-0.48,0.48,0,0.0,0
5520,19,-13,10,0.9,-0.62,0.48,0,0.0,0
5530,12,-10,5,0.57,-0.48,0.24,0,0.01,0
5540,13,-17,4,0.62,-0.81,0.19,0,0.03,0
5550,16,-21,8,0.76,-1.0,0.38,0,0.08,0
5560,7,-16,8,0.33,-0.76,0.38,0,0.47,0
5570,9,-16,9,0.43,-0.76,0.43,0,0.36,0
5580,9,-19,9,0.43,-0.9,0.43,0,0.25,0
5590,9,-18,6,0.43,-0.86,0.29,0,0.05,0
5600,11,-19,5,0.52,-0.9,0.24,0,0.01,0
5610,14,-19,3,0.67,-0.9,0.14,0,0.0,0
5620,16,-21,4,0.76,-1.0,0.19,0,0.0,0
5630,8,-16,3,0.38,-0.76,0.14,0,0.01,0
5640,12,-18,5,0.57,-0.86,0.24,0,0.0,0
5650,13,-19,9,0.62,-0.9,0.43,0,0.0,0
5660,11,-16,13,0.52,-0.76,0.62,0,0.0,0
5670,6,-14,11,0.29,-0.67,0.52,0,0.0,0
5680,5,-13,8,0.24,-0.62,0.38,0,0.0,0
5690,5,-10,8,0.24,-0.48,0.38,0,0.0,0
5700,9,-16,10,0.43,-0.76,0.48,0,0.0,0
5710,8,-16,12,0.38,-0.76,0.57,0,0.0,0
5720,7,-16,11,0.33,-0.76,0.52,0,0.0,0
5730,6,-13,12,0.29,-0.62,0.57,0,0.0,0
5740,6,-17,14,0.29,-0.81,0.67,0,0.0,0
5750,4,-16,18,0.19,-0.76,0.86,0,0.01,0
5760,9,-17,18,0.43,-0.81,0.86,0,0.0,0
5770,6,-14,19,0.29,-0.67,0.9,0,0.0,0
5780,6,-16,17,0.29,-0.76,0.81,0,0.0,0
5790,5,-14,16,0.24,-0.67,0.76,0,0.0,0
5800,6,-15,16,0.29,-0.71,0.76,0,0.0,0
5810,5,-12,16,0.24,-0.57,0.76,0,0.0,0
5820,4,-13,17,0.19,-0.62,0.81,0,0.0,0
5830,6,-12,17,0.29,-0.57,0.81,0,0.0,0
5840,7,-13,17,0.33,-0.62,0.81,0,0.0,0
5850,5,-12,17,0.24,-0.57,0.81,0,0.0,0
5860,6,-13,18,0.29,-0.62,0.86,0,0.0,0
5870,6,-13,18,0.29,-0.62,0.86,0,0.0,0
5880,6,-14,19,0.29,-0.67,0.9,0,0.0,0
5890,8,-25,25,0.38,-1.19,1.19,0,0.0,0
5900,8,-28,23,0.38,-1.33,1.1,0,0.0,0
5910,9,-24,19,0.43,-1.14,0.9,0,0.0,0
5920,5,-12,11,0.24,-0.57,0.52,0,0.0,0
5930,3,-10,6,0.14,-0.48,0.29,0,0.0,0
5940,1,-6,3,0.05,-0.29,0.14,0,0.0,0
5950,0,-3,1,0.0,-0.14,0.05,0,0.0,0
5960,-4,-19,4,-0.19,-0.9,0.19,0,0.0,0
5970,14,-32,8,0.67,-1.52,0.38,0,0.0,0
5980,-3,-12,5,-0.14,-0.57,0.24,0,0.0,0
5990,14,-32,3,0.67,-1.52,0.14,0,0.0,0
6000,0,-18,5,0.0,-0.86,0.24,0,0.01,0
6010,0,-17,3,0.0,-0.81,0.14,0,0.01,0
6020,3,-21,5,0.14,-1.0,0.24,0,0.0,0
6030,1,-16,3,0.05,-0.76,0.14,0,0.0,0
6040,8,-27,2,0.38,-1.29,0.1,0,0.0,0
6050,5,-24,1,0.19,-1.0,0.05,0,0.0,0
6060,2,-19,1,0.1,-0.9,0.05,0,0.0,0
6070,4,-23,-1,0.19,-1.1,-0.05,0,0.0,0
6080,5,-18,3,0.24,-0.86,0.14,0,0.0,0
6090,4,-17,3,0.19,-0.81,0.14,0,0.0,0
6100,11,-23,4,0.52,-1.1,0.19,0,0.0,0
6110,7,-27,6,0.33,-1.29,0.29,0,0.0,0
6120,4,-14,12,0.19,-0.67,0.57,0,0.0,0
6130,6,-13,9,0.29,-0.62,0.43,0,0.0,0
6140,15,-24,18,0.71,-1.14,0.86,0,0.0,0
6150,3,-17,8,0.1,-0.81,0.33,0,0.0,0
6160,4,-15,9,0.19,-0.71,0.43,0,0.0,0
6170,17,-26,17,0.81,-1.24,0.81,0,0.0,0
6180,7,-16,10,0.33,-0.76,0.48,0,0.0,0
6190,7,-18,3,0.33,-0.86,0.14,0,0.0,0
6200,11,-26,6,0.52,-1.24,0.29,0,0.0,0
6210,9,-16,14,0.43,-0.76,0.67,0,0.0,0
6220,0,-16,8,0.0,-0.76,0.38,0,0.01,0
6230,2,-20,1,0.1,-0.95,0.05,0,0.01,0
6240,10,-31,10,0.48,-1.48,0.48,0,0.0,0
6250,6,-27,8,0.19,-1.24,0.38,0,0.0,0
6260,1,-21,8,0.05,-1.0,0.38,0,0.01,0
6270,-6,-20,8,-0.29,-0.95,0.38,0,0.25,0
6280,-10,-16,8,-0.48,-0.76,0.38,0,0.84,0
6290,-15,-10,7,-0.71,-0.48,0.33,0,0.99,0
6300,-17,-7,7,-0.81,-0.33,0.33,0,1.0,0
6310,-19,-4,7,-0.9,-0.19,0.33,0,1.0,0
6320,-21,-2,5,-1.0,-0.1,0.24,0,1.0,0
6330,-20,0,6,-0.95,0.0,0.29,0,1.0,0
6340,-22,1,5,-1.05,0.05,0.24,0,1.0,0
6350,-22,2,4,-0.95,0.14,0.19,0,1.0,0
6360,-20,3,3,-0.95,0.14,0.14,0,1.0,0
6370,-20,6,2,-0.95,0.29,0.1,0,1.0,0
6380,-21,6,3,-1.0,0.29,0.14,0,1.0,0
6390,-20,6,2,-0.95,0.29,0.1,0,1.0,0
6400,-20,6,3,-0.95,0.29,0.14,0,1.0,0
6410,-21,6,3,-1.0,0.29,0.14,0,1.0,0
6420,-21,6,3,-1.0,0.29,0.14,0,1.0,0
6430,-21,7,3,-1.0,0.33,0.14,0,1.0,0
6440,-20,7,2,-0.95,0.33,0.1,0,1.0,0
6450,-22,6,3,-1.05,0.29,0.14,0,1.0,0
6460,-22,7,3,-1.05,0.33,0.14,0,1.0,0
6470,-21,6,3,-1.0,0.29,0.14,0,1.0,0
6480,-21,7,3,-1.0,0.33,0.14,0,1.0,0
6490,-18,8,2,-0.86,0.38,0.1,0,1.0,0
6500,-16,2,3,-0.76,0.1,0.14,0,1.0,0
6510,-15,2,2,-0.71,0.1,0.1,0,1.0,0
6520,-13,-7,3,-0.62,-0.33,0.14,0,1.0,0
6530,-8,-15,8,-0.38,-0.71,0.38,0,1.0,0
6540,-1,-21,10,-0.05,-1.0,0.48,0,1.0,0
6550,9,-23,13,0.43,-1.1,0.62,0,0.99,0
6560,16,-15,9,0.76,-0.71,0.43,0,0.96,0
6570,26,-8,7,1.24,-0.38,0.33,0,0.71,0
6580,30,-10,8,1.43,-0.48,0.38,0,0.36,0
6590,23,-8,8,1.1,-0.38,0.38,0,0.16,0
6600,20,-5,5,0.95,-0.24,0.24,0,0.06,0
6610,21,-5,4,1.0,-0.24,0.19,0,0.02,0
6620,21,-4,5,1.0,-0.19,0.24,0,0.01,0
6630,21,-4,5,1.0,-0.19,0.24,0,0.0,0
6640,22,-5,4,1.05,-0.24,0.19,0,0.0,0
6650,21,-5,1,1.0,-0.24,0.05,0,0.0,0
6660,22,-6,4,1.05,-0.29,0.19,0,0.0,0
6670,21,-5,5,1.0,-0.24,0.24,0,0.0,0
6680,24,-7,4,1.14,-0.33,0.19,0,0.0,0
6690,20,-8,8,0.95,-0.38,0.38,0,0.0,0
6700,18,-10,9,0.86,-0.48,0.43,0,0.0,0
6710,16,-14,9,0.76,-0.67,0.43,0,0.01,0
6720,14,-16,12,0.67,-0.76,0.57,0,0.07,0
6730,9,-18,14,0.43,-0.86,0.67,0,0.68,0
6740,7,-15,13,0.33,-0.71,0.62,0,0.72,0
6750,6,-15,9,0.29,-0.71,0.43,0,0.45,0
6760,2,-9,11,0.1,-0.43,0.52,0,0.61,0
6770,3,-19,9,0.14,-0.9,0.43,0,0.18,0
6780,2,-22,9,0.1,-1.05,0.43,0,0.15,0
6790,6,-27,10,0.29,-1.29,0.48,0,0.02,0
6800,-2,-24,11,-0.1,-1.14,0.52,0,0.59,0
6810,-5,-23,9,-0.24,-1.1,0.43,0,0.94,0
6820,-15,-22,8,-0.71,-1.05,0.38,0,0.99,0
6830,-8,-12,-1,-0.38,-0.57,-0.05,0,0.98,0
6840,6,-2,-6,0.29,-0.1,-0.29,0,0.04,0
6850,-15,-5,-3,-0.71,-0.24,-0.14,0,0.01,0
6860,-17,-5,-1,-0.81,-0.24,-0.05,0,0.01,0
6870,-24,18,-3,-1.14,0.86,-0.14,0,0.0,0
6880,-20,-10,0,-0.95,-0.48,0.0,0,0.0,0
6890,-21,5,-3,-1.0,0.24,-0.14,0,0.0,0
6900,-23,10,-1,-1.1,0.48,-0.05,0,0.0,0
6910,-21,-5,-1,-1.0,-0.24,-0.05,0,0.0,0
6920,-22,0,-1,-1.05,0.0,-0.05,0,0.0,0
6930,-23,10,-3,-1.1,0.48,-0.14,0,0.0,0
6940,-21,1,-1,-1.0,0.05,-0.05,0,0.0,0
6950,-21,0,1,-1.0,0.0,0.05,0,0.0,0
6960,-23,6,-1,-1.1,0.29,-0.05,0,0.0,0
6970,-21,0,-1,-1.0,0.0,-0.05,0,0.0,0
6980,-19,-6,0,-0.9,-0.29,0.0,0,0.0,0
6990,-23,10,0,-1.1,0.48,0.0,0,0.0,0
7000,-22,1,-2,-1.05,0.05,-0.1,0,0.0,0
7010,-21,-3,0,-1.0,-0.14,0.0,0,0.0,0
7020,-22,9,1,-1.05,0.43,0.05,0,0.0,0
7030,-22,0,0,-1.05,0.0,0.0,0,0.0,0
7040,-22,-6,0,-1.05,-0.29,0.0,0,0.0,0
7050,-22,2,0,-1.05,0.1,0.0,0,0.0,0
7060,-21,2,4,-1.0,0.1,0.19,0,0.0,0
7070,-15,1,-1,-0.71,0.05,-0.05,0,0.0,0
7080,-8,-7,0,-0.38,-0.33,0.0,0,0.0,0
7090,-4,-14,5,-0.19,-0.67,0.24,0,0.0,0
7100,8,-21,12,0.38,-1.0,0.57,0,0.0,0
7110,18,-23,12,0.86,-1.1,0.57,0,0.0,0
7120,24,-18,12,1.14,-0.86,0.57,0,0.0,0
7130,20,-9,9,0.95,-0.43,0.43,0,0.0,0
7140,23,-9,10,1.1,-0.43,0.48,0,0.0,0
7150,21,-9,4,1.0,-0.43,0.19,0,0.0,0
7160,21,-7,4,1.0,-0.33,0.19,0,0.0,0
7170,22,-6,3,1.05,-0.29,0.14,0,0.0,0
7180,21,-5,4,1.0,-0.24,0.19,0,0.0,0
7190,21,-7,4,1.0,-0.33,0.19,0,0.0,0
7200,22,-9,4,1.05,-0.43,0.19,0,0.0,0
7210,21,-13,5,1.0,-0.62,0.24,0,0.0,0
7220,24,-12,8,1.14,-0.57,0.38,0,0.0,0
7230,23,-18,13,1.1,-0.86,0.62,0,0.01,0
7240,2,-19,15,0.1,-0.9,0.71,0,0.9,0
7250,-9,-11,8,-0.43,-0.52,0.38,0,0.99,0
7260,-15,-21,0,-0.71,-1.0,0.0,0,0.99,0
7270,-22,-11,1,-1.05,-0.52,0.05,0,0.99,0
7280,-23,-8,0,-1.1,-0.38,0.0,0,0.93,0
7290,-16,-2,-1,-0.76,-0.1,-0.05,0,0.48,0
7300,-13,-3,-2,-0.62,-0.14,-0.1,0,0.16,0
7310,-13,-8,3,-0.62,-0.38,0.14,0,0.73,0
7320,-18,-8,2,-0.86,-0.38,0.1,0,0.91,0
7330,-21,-7,0,-1.0,-0.33,0.0,0,0.88,0
7340,-22,-8,1,-1.05,-0.38,0.05,0,0.93,0
7350,-20,-11,2,-0.95,-0.52,0.1,0,0.99,0
7360,-20,-7,2,-0.95,-0.33,0.1,0,0.99,0
7370,-20,-9,2,-0.95,-0.43,0.1,0,0.99,0
7380,-20,-8,2,-0.95,-0.38,0.1,0,1.0,0
7390,-20,-7,3,-0.95,-0.33,0.14,0,1.0,0
7400,-20,-8,3,-0.95,-0.38,0.14,0,1.0,0
7410,-20,-9,3,-0.95,-0.43,0.14,0,1.0,0
7420,-22,-8,2,-1.05,-0.38,0.1,0,1.0,0
7430,-21,-9,3,-1.0,-0.43,0.14,0,1.0,0
7440,-21,-8,4,-1.0,-0.38,0.19,0,1.0,0
7450,-19,-7,4,-0.9,-0.33,0.19,0,1.0,0
7460,-23,-5,-4,-1.1,-0.24,-0.19,0,1.0,0
7470,-21,-5,-8,-1.0,-0.24,-0.38,0,1.0,0
7480,-21,-6,-4,-1.0,-0.29,-0.19,0,0.99,0
7490,-20,-5,-4,-0.95,-0.24,-0.19,0,0.99,0
7500,-21,-4,-5,-1.0,-0.19,-0.24,0,0.98,0
7510,-23,5,-12,-1.1,0.24,-0.57,0,0.94,0
7520,-5,-14,8,-0.24,-0.67,0.38,0,0.99,0
7530,-10,-10,7,-0.48,-0.48,0.33,0,1.0,0
7540,-21,0,-12,-1.0,0.0,-0.57,0,0.98,0
7550,-29,1,-18,-1.38,0.05,-0.86,0,0.96,0
7560,-14,-8,0,-0.67,-0.38,0.0,0,0.98,0
7570,-4,-10,-1,-0.19,-0.48,-0.05,0,0.98,0
7580,-4,-6,-8,-0.19,-0.29,-0.38,0,0.94,0
7590,-10,0,25,-0.48,0.0,1.19,0,0.93,0
7600,4,-25,29,0.19,-1.19,1.38,0,0.87,0
7610,4,-11,23,0.19,-0.52,1.1,0,0.62,0
7620,16,-13,19,0.76,-0.62,0.9,0,0.42,0
7630,17,-10,14,0.81,-0.48,0.67,0,0.3,0
7640,21,-14,12,1.0,-0.67,0.57,0,0.18,0
7650,16,-11,6,0.76,-0.52,0.29,0,0.09,0
7660,21,-10,9,1.0,-0.48,0.43,0,0.03,0
7670,21,-12,7,1.0,-0.57,0.33,0,0.02,0
7680,20,-10,7,0.95,-0.48,0.33,0,0.01,0
7690,27,-26,16,1.29,-1.24,0.76,0,0.01,0
7700,12,-24,12,0.57,-1.14,0.57,0,0.04,0
7710,-2,-17,1,-0.1,-0.81,0.05,0,0.14,0
7720,-6,-8,-5,-0.29,-0.38,-0.24,0,0.02,0
7730,-5,1,-4,-0.24,0.05,-0.19,0,0.0,0
7740,-4,-2,-1,-0.19,-0.1,-0.05,0,0.0,0
7750,-26,-32,1,-1.24,-1.52,0.05,0,0.01,0
7760,1,7,-2,0.05,0.33,-0.1,0,0.0,0
7770,-2,6,-4,-0.1,0.29,-0.19,0,0.0,0
7780,26,-32,3,1.24,-1.52,0.14,0,0.0,0
7790,10,-16,-1,0.48,-0.76,-0.05,0,0.0,0
7800,-1,10,-12,-0.05,0.48,-0.57,0,0.0,0
7810,3,-14,3,0.14,-0.67,0.14,0,0.0,0
7820,-11,-20,3,-0.52,-0.95,0.14,0,0.03,0
7830,2,10,-5,0.1,0.48,-0.24,0,0.0,0
7840,-9,5,7,-0.43,0.24,0.33,0,0.02,0
7850,-12,-32,10,-0.57,-1.52,0.48,0,0.35,0
7860,-2,-18,1,-0.1,-0.86,0.05,0,0.04,0
7870,-4,-23,3,-0.19,-1.1,0.14,0,0.03,0
7880,-3,-22,7,-0.14,-1.05,0.33,0,0.02,0
7890,-3,-22,4,-0.14,-1.05,0.19,0,0.01,0
7900,-3,-19,0,-0.14,-0.9,0.0,0,0.0,0
7910,-2,-14,1,-0.1,-0.67,0.05,0,0.0,0
7920,3,-21,8,0.14,-1.0,0.38,0,0.0,0
7930,10,-17,10,0.48,-0.81,0.48,0,0.0,0
7940,17,-13,11,0.81,-0.62,0.52,0,0.0,0
7950,22,-9,8,1.05,-0.43,0.38,0,0.0,0
7960,23,-7,7,1.1,-0.33,0.33,0,0.0,0
7970,25,-12,3,1.19,-0.57,0.14,0,0.0,0
7980,21,-6,4,1.0,-0.29,0.19,0,0.0,0
7990,20,-7,3,0.95,-0.33,0.14,0,0.0,0
8000,20,-5,4,0.95,-0.24,0.19,0,0.0,0
8010,25,-3,4,1.19,-0.14,0.19,0,0.0,0
8020,19,-6,5,0.9,-0.29,0.24,0,0.0,0
8030,19,-9,8,0.9,-0.43,0.38,0,0.0,0
8040,20,-12,10,0.95,-0.57,0.48,0,0.0,0
8050,17,-15,12,0.81,-0.71,0.57,0,0.01,0
8060,11,-13,9,0.52,-0.62,0.43,0,0.08,0
8070,13,-13,9,0.62,-0.62,0.43,0,0.05,0
8080,16,-12,12,0.76,-0.57,0.57,0,0.02,0
8090,10,-20,4,0.48,-0.95,0.19,0,0.12,0
8100,9,-18,6,0.43,-0.86,0.29,0,0.23,0
8110,14,-19,7,0.67,-0.9,0.33,0,0.08,0
8120,13,-17,6,0.62,-0.81,0.29,0,0.03,0
8130,12,-20,5,0.57,-0.95,0.24,0,0.04,0
8140,10,-20,6,0.48,-0.95,0.29,0,0.11,0
8150,10,-21,6,0.48,-1.0,0.29,0,0.2,0
8160,6,-22,7,0.29,-1.05,0.33,0,0.45,0
8170,-5,-25,10,-0.24,-1.19,0.48,0,0.99,0
8180,2,-24,7,0.1,-1.14,0.33,0,0.94,0
8190,-6,-21,7,-0.29,-1.0,0.33,0,0.99,0
8200,-10,-14,7,-0.48,-0.67,0.33,0,1.0,0
8210,-13,-11,6,-0.62,-0.52,0.29,0,1.0,0
8220,-18,-9,6,-0.86,-0.43,0.29,0,1.0,0
8230,-20,-5,4,-0.95,-0.24,0.19,0,1.0,0
8240,-22,-1,5,-1.05,-0.05,0.24,0,1.0,0
8250,-21,1,5,-1.0,0.05,0.24,0,1.0,0
8260,-20,2,2,-0.95,0.1,0.1,0,1.0,0
8270,-20,5,4,-0.95,0.24,0.19,0,1.0,0
8280,-21,8,2,-1.0,0.38,0.1,0,1.0,0
8290,-19,9,2,-0.9,0.43,0.1,0,1.0,0
8300,-17,9,0,-0.81,0.43,0.0,0,0.99,0
8310,-18,10,0,-0.86,0.48,0.0,0,0.98,0
8320,-17,8,0,-0.76,0.33,-0.05,0,0.97,0
8330,-18,6,2,-0.86,0.29,0.1,0,0.95,0
8340,-17,1,5,-0.81,0.05,0.24,0,0.96,0
8350,-20,-2,6,-0.95,-0.1,0.29,0,0.97,0
8360,-15,-4,3,-0.71,-0.19,0.14,0,0.99,0
8370,-12,-13,5,-0.57,-0.62,0.24,0,1.0,0
8380,-8,-21,4,-0.38,-1.0,0.19,0,1.0,0
8390,4,-29,6,0.19,-1.38,0.29,0,1.0,0
8400,8,-32,5,0.38,-1.52,0.24,0,0.99,0
8410,8,-28,5,0.38,-1.33,0.24,0,0.98,0
8420,6,-22,4,0.33,-1.05,0.24,0,0.93,0
8430,8,-19,6,0.38,-0.9,0.29,0,0.74,0
8440,8,-22,4,0.38,-1.05,0.19,0,0.44,0
8450,3,-18,4,0.14,-0.86,0.19,0,0.2,0
8460,5,-23,6,0.24,-1.1,0.29,0,0.07,0
8470,8,-23,8,0.38,-1.1,0.38,0,0.03,0
8480,5,-19,8,0.24,-0.9,0.38,0,0.01,0
8490,6,-16,12,0.29,-0.76,0.57,0,0.0,0
8500,8,-12,13,0.38,-0.57,0.62,0,0.0,0
8510,7,-20,12,0.33,-0.95,0.57,0,0.0,0
8520,4,-20,9,0.1,-0.86,0.43,0,0.0,0
8530,6,-21,12,0.29,-1.0,0.57,0,0.0,0
8540,5,-20,12,0.24,-0.95,0.57,0,0.0,0
8550,4,-17,14,0.19,-0.81,0.67,0,0.0,0
8560,1,-16,14,0.05,-0.76,0.67,0,0.0,0
8570,1,-17,12,0.05,-0.81,0.57,0,0.0,0
8580,0,-16,9,0.0,-0.76,0.43,0,0.0,0
8590,-2,-21,8,-0.1,-1.0,0.38,0,0.0,0
8600,2,-26,8,0.1,-1.24,0.38,0,0.0,0
8610,-2,-22,6,-0.1,-1.05,0.29,0,0.0,0
8620,0,-21,6,0.1,-1.1,0.29,0,0.0,0
8630,-1,-20,5,-0.05,-0.95,0.24,0,0.0,0
8640,0,-21,7,0.0,-1.0,0.33,0,0.0,0
8650,0,-21,7,0.0,-1.0,0.33,0,0.0,0
8660,3,-19,8,0.14,-0.9,0.38,0,0.0,0
8670,7,-19,8,0.33,-0.9,0.38,0,0.0,0
8680,9,-21,10,0.43,-1.0,0.48,0,0.0,0
8690,9,-18,10,0.43,-0.86,0.48,0,0.0,0
8700,11,-19,10,0.52,-0.9,0.48,0,0.0,0
8710,9,-20,12,0.43,-0.95,0.57,0,0.0,0
8720,7,-18,9,0.33,-0.86,0.43,0,0.0,0
8730,8,-19,9,0.38,-0.9,0.43,0,0.0,0
8740,8,-17,12,0.38,-0.81,0.57,0,0.0,0
8750,5,-17,10,0.24,-0.81,0.48,0,0.0,0
8760,5,-20,9,0.24,-0.95,0.43,0,0.0,0
8770,7,-18,7,0.33,-0.86,0.33,0,0.0,0
8780,7,-19,8,0.33,-0.9,0.38,0,0.0,0
8790,7,-17,9,0.33,-0.81,0.43,0,0.0,0
8800,8,-20,8,0.38,-0.95,0.38,0,0.0,0
8810,8,-20,9,0.38,-0.95,0.43,0,0.0,0
8820,7,-19,8,0.33,-0.9,0.38,0,0.0,0
8830,6,-19,9,0.29,-0.9,0.43,0,0.0,0
8840,7,-19,9,0.33,-0.9,0.43,0,0.0,0
8850,7,-19,9,0.33,-0.9,0.43,0,0.0,0
8860,6,-20,7,0.29,-0.95,0.33,0,0.0,0
8870,7,-20,8,0.33,-0.95,0.38,0,0.0,0
8880,5,-20,8,0.24,-0.95,0.38,0,0.0,0
8890,3,-14,17,0.14,-0.67,0.81,0,0.0,0
8900,4,-13,17,0.19,-0.62,0.81,0,0.0,0
8910,4,-12,17,0.19,-0.57,0.81,0,0.0,0
8920,4,-12,16,0.19,-0.57,0.76,0,0.0,0
8930,4,-11,16,0.19,-0.52,0.76,0,0.0,0
8940,4,-12,17,0.19,-0.57,0.81,0,0.0,0
8950,5,-13,17,0.24,-0.62,0.81,0,0.0,0
8960,4,-13,17,0.19,-0.62,0.81,0,0.0,0
8970,3,-13,17,0.14,-0.62,0.81,0,0.0,0
8980,4,-13,17,0.19,-0.62,0.81,0,0.0,0
8990,1,-9,14,0.05,-0.43,0.67,0,0.0,0
9000,8,-12,16,0.38,-0.57,0.76,0,0.0,0
9010,8,-11,12,0.38,-0.52,0.57,0,0.0,0
9020,14,-10,15,0.67,-0.48,0.71,0,0.0,0
9030,16,-11,14,0.76,-0.52,0.67,0,0.0,0
9040,15,-11,13,0.71,-0.52,0.62,0,0.0,0
9050,14,-6,11,0.67,-0.29,0.52,0,0.0,0
9060,18,-3,14,1.0,-0.24,0.71,0,0.0,0
9070,18,-4,12,0.86,-0.19,0.57,0,0.0,0
9080,21,-6,13,1.0,-0.29,0.62,0,0.0,0
9090,18,-8,9,0.86,-0.38,0.43,0,0.0,0
9100,16,-8,12,0.76,-0.38,0.57,0,0.0,0
9110,18,-11,13,0.86,-0.52,0.62,0,0.0,0
9120,10,-16,13,0.48,-0.76,0.62,0,0.01,0
9130,9,-20,12,0.43,-0.95,0.57,0,0.11,0
9140,14,-19,13,0.67,-0.9,0.62,0,0.02,0
9150,11,-13,13,0.52,-0.62,0.62,0,0.01,0
9160,6,-12,9,0.29,-0.57,0.43,0,0.01,0
9170,17,-19,12,0.81,-0.9,0.57,0,0.0,0
9180,13,-18,10,0.62,-0.86,0.48,0,0.0,0
9190,11,-13,10,0.52,-0.62,0.48,0,0.0,0
9200,17,-14,12,0.81,-0.67,0.57,0,0.0,0
9210,13,-13,11,0.62,-0.62,0.52,0,0.0,0
9220,9,-12,10,0.43,-0.57,0.48,0,0.0,0
9230,10,-16,10,0.48,-0.76,0.48,0,0.0,0
9240,10,-17,10,0.48,-0.81,0.48,0,0.0,0
9250,11,-19,10,0.52,-0.9,0.48,0,0.0,0
9260,7,-19,9,0.33,-0.9,0.43,0,0.0,0
9270,13,-21,10,0.62,-1.0,0.48,0,0.0,0
9280,16,-20,8,0.76,-0.95,0.38,0,0.0,0
9290,7,-18,9,0.33,-0.86,0.43,0,0.0,0
9300,3,-23,7,0.14,-1.1,0.33,0,0.02,0
9310,4,-22,5,0.19,-1.05,0.24,0,0.02,0
9320,2,-18,5,0.1,-0.86,0.24,0,0.03,0
9330,0,-22,6,0.0,-1.05,0.29,0,0.05,0
9340,-5,-23,5,-0.24,-1.1,0.24,0,0.17,0
9350,-2,-20,7,-0.1,-0.95,0.33,0,0.14,0
9360,2,-21,8,0.1,-1.0,0.38,0,0.01,0
9370,-4,-20,6,-0.19,-0.95,0.29,0,0.02,0
9380,-6,-18,6,-0.29,-0.86,0.29,0,0.06,0
9390,-9,-15,5,-0.43,-0.71,0.24,0,0.32,0
9400,-8,-20,5,-0.38,-0.95,0.24,0,0.83,0
9410,-10,-24,7,-0.48,-1.14,0.33,0,0.99,0
9420,-1,-19,9,-0.05,-0.9,0.43,0,0.94,0
9430,1,-24,6,0.05,-1.14,0.29,0,0.69,0
9440,0,-25,5,0.0,-1.19,0.24,0,0.45,0
9450,3,-22,8,0.14,-1.05,0.38,0,0.18,0
9460,4,-18,7,0.19,-0.86,0.33,0,0.08,0
9470,3,-23,7,0.14,-1.1,0.33,0,0.05,0
9480,4,-22,6,0.19,-1.05,0.29,0,0.03,0
9490,5,-20,8,0.24,-0.95,0.38,0,0.01,0
9500,7,-21,7,0.33,-1.0,0.33,0,0.01,0
9510,5,-23,6,0.24,-1.1,0.29,0,0.0,0
9520,5,-23,5,0.24,-1.1,0.24,0,0.0,0
9530,3,-21,4,0.0,-1.05,0.14,0,0.0,0
9540,4,-21,7,0.19,-1.0,0.33,0,0.0,0
9550,8,-19,7,0.38,-0.9,0.33,0,0.0,0
9560,8,-20,7,0.38,-0.95,0.33,0,0.0,0
9570,4,-20,6,0.19,-0.95,0.29,0,0.0,0
9580,5,-21,8,0.24,-1.0,0.38,0,0.0,0
9590,1,-21,8,0.05,-1.0,0.38,0,0.01,0
9600,1,-23,5,0.05,-1.1,0.24,0,0.02,0
9610,-11,-30,10,-0.52,-1.43,0.48,0,0.13,0
9620,3,-31,8,0.14,-1.48,0.38,0,0.02,0
9630,11,-14,8,0.52,-0.67,0.38,0,0.0,0
9640,-2,-17,1,-0.1,-0.81,0.05,0,0.0,0
9650,-4,-18,4,-0.19,-0.86,0.19,0,0.01,0
9660,-7,-20,9,-0.33,-0.95,0.43,0,0.06,0
9670,14,-30,12,0.67,-1.43,0.57,0,0.0,0
9680,-2,-18,6,-0.1,-0.86,0.29,0,0.01,0
9690,-5,-8,1,-0.24,-0.38,0.05,0,0.0,0
9700,0,-11,5,0.0,-0.52,0.24,0,0.0,0
9710,17,-32,19,0.81,-1.52,0.9,0,0.0,0
9720,5,-32,21,0.24,-1.52,1.0,0,0.0,0
9730,-1,-17,8,-0.05,-0.81,0.38,0,0.0,0
9740,4,-6,2,0.19,-0.29,0.1,0,0.0,0
9750,26,-26,12,1.24,-1.24,0.57,0,0.0,0
9760,17,-16,11,0.81,-0.76,0.52,0,0.0,0
9770,16,-9,12,0.76,-0.43,0.57,0,0.0,0
9780,15,-10,13,0.71,-0.48,0.62,0,0.0,0
9790,10,-12,13,0.48,-0.57,0.62,0,0.0,0
9800,11,-13,12,0.52,-0.62,0.57,0,0.0,0
9810,13,-16,14,0.62,-0.76,0.67,0,0.0,0
9820,12,-11,13,0.57,-0.52,0.62,0,0.0,0
9830,11,-11,14,0.52,-0.52,0.67,0,0.0,0
9840,11,-12,13,0.52,-0.57,0.62,0,0.0,0
9850,15,-13,14,0.71,-0.62,0.67,0,0.0,0
9860,17,-14,16,0.81,-0.67,0.76,0,0.0,0
9870,12,-11,12,0.57,-0.52,0.57,0,0.0,0
9880,12,-12,10,0.57,-0.57,0.48,0,0.0,0
9890,20,-12,14,0.95,-0.57,0.67,0,0.0,0
9900,11,-9,9,0.52,-0.43,0.43,0,0.0,0
9910,15,-8,9,0.71,-0.38,0.43,0,0.0,0
9920,23,-13,12,1.1,-0.62,0.57,0,0.0,0
9930,14,-11,14,0.67,-0.52,0.67,0,0.0,0
9940,14,-8,13,0.67,-0.38,0.62,0,0.0,0
9950,20,-7,17,0.95,-0.33,0.81,0,0.0,0
9960,14,-8,12,0.67,-0.38,0.57,0,0.0,0
9970,16,-10,12,0.76,-0.48,0.57,0,0.0,0
9980,17,-12,12,0.81,-0.57,0.57,0,0.0,0
9990,13,-11,11,0.62,-0.52,0.52,0,0.0,0
10000,12,-14,11,0.57,-0.67,0.52,0,0.0,0
10010,14,-16,11,0.67,-0.76,0.52,0,0.0,0
10020,13,-14,10,0.62,-0.67,0.48,0,0.0,0
10030,13,-14,12,0.62,-0.67,0.57,0,0.0,0
10040,13,-12,12,0.62,-0.57,0.57,0,0.0,0
10050,12,-12,9,0.57,-0.57,0.43,0,0.0,0
10060,11,-15,13,0.52,-0.71,0.62,0,0.0,0
10070,13,-15,14,0.62,-0.71,0.67,0,0.0,0
10080,12,-14,14,0.57,-0.67,0.67,0,0.0,0
10090,10,-15,13,0.48,-0.71,0.62,0,0.0,0
10100,13,-13,13,0.62,-0.62,0.62,0,0.0,0
10110,12,-14,14,0.57,-0.67,0.67,0,0.0,0
10120,13,-12,13,0.62,-0.57,0.62,0,0.0,0
10130,14,-12,12,0.67,-0.57,0.57,0,0.0,0
10140,14,-17,15,0.67,-0.81,0.71,0,0.0,0
10150,13,-23,14,0.62,-1.1,0.67,0,0.0,0
10160,3,-20,10,0.14,-0.95,0.48,0,0.01,0
10170,-1,-20,8,-0.05,-0.95,0.38,0,0.08,0
10180,-4,-21,9,-0.19,-1.0,0.43,0,0.27,0
10190,-12,-15,10,-0.57,-0.71,0.48,0,0.73,0
10200,-12,-14,7,-0.57,-0.67,0.33,0,0.97,0
10210,-15,-10,7,-0.71,-0.48,0.33,0,1.0,0
10220,-17,-8,6,-0.81,-0.38,0.29,0,1.0,0
10230,-19,-4,6,-0.9,-0.19,0.29,0,1.0,0
10240,-20,0,5,-0.95,0.0,0.24,0,1.0,0
10250,-21,2,5,-1.0,0.1,0.24,0,1.0,0
10260,-21,2,3,-1.0,0.1,0.14,0,1.0,0
10270,-20,4,0,-0.95,0.19,0.0,0,1.0,0
10280,-20,6,1,-0.95,0.29,0.05,0,1.0,0
10290,-20,6,0,-0.95,0.29,0.0,0,1.0,0
10300,-19,0,0,-0.95,0.29,0.0,0,0.99,0
10310,-21,6,-1,-1.0,0.29,-0.05,0,0.99,0
10320,-20,7,-1,-0.95,0.33,-0.05,0,0.97,0
10330,-22,7,-1,-1.05,0.33,-0.05,0,0.95,0
10340,-20,6,-1,-0.95,0.29,-0.05,0,0.92,0
10350,-21,7,0,-1.0,0.33,0.0,0,0.89,0
10360,-21,6,0,-1.0,0.29,0.0,0,0.84,0
10370,-20,6,-1,-0.95,0.29,-0.05,0,0.78,0
10380,-19,6,-1,-0.9,0.29,-0.05,0,0.69,0
10390,-17,9,-3,-0.81,0.43,-0.14,0,0.53,0
10400,-19,8,0,-0.86,0.24,0.1,0,0.43,0
10410,-11,-1,1,-0.52,-0.05,0.05,0,0.49,0
10420,1,-13,2,0.05,-0.62,0.1,0,0.58,0
10430,11,-18,6,0.52,-0.86,0.29,0,0.56,0
10440,23,-20,9,1.1,-0.95,0.43,0,0.53,0
10450,26,-15,11,1.24,-0.71,0.52,0,0.44,0
10460,28,-12,12,1.33,-0.57,0.57,0,0.32,0
10470,22,-13,7,1.05,-0.62,0.33,0,0.25,0
10480,24,-9,1,1.14,-0.43,0.05,0,0.13,0
10490,19,-7,-1,0.9,-0.33,-0.05,0,0.05,0
10500,18,-7,-5,0.86,-0.33,-0.14,0,0.01,0
10510,23,18,27,1.1,0.86,1.29,0,0.0,0
10520,22,-9,2,1.05,-0.43,0.1,0,0.0,0
10530,22,-5,2,1.05,-0.24,0.1,0,0.0,0
10540,20,-8,-1,0.95,-0.38,-0.05,0,0.0,0
10550,24,-8,-2,1.14,-0.38,-0.1,0,0.0,0
10560,23,-6,-1,1.1,-0.29,-0.05,0,0.0,0
10570,21,-5,2,1.0,-0.24,0.1,0,0.0,0
10580,22,-5,1,1.05,-0.24,0.05,0,0.0,0
10590,21,-7,2,1.0,-0.33,0.1,0,0.0,0
10600,20,-7,2,0.95,-0.33,0.1,0,0.0,0
10610,22,-6,1,1.05,-0.29,0.05,0,0.0,0
10620,21,-9,2,1.0,-0.43,0.1,0,0.0,0
10630,21,-6,2,1.0,-0.29,0.1,0,0.0,0
10640,23,-7,3,1.1,-0.33,0.14,0,0.0,0
10650,24,-7,4,1.14,-0.33,0.19,0,0.0,0
10660,21,-5,5,1.0,-0.24,0.24,0,0.0,0
10670,20,-6,6,0.95,-0.29,0.29,0,0.0,0
10680,20,-6,3,0.95,-0.29,0.14,0,0.0,0
10690,22,-4,6,1.05,-0.19,0.29,0,0.0,0
10700,24,-4,8,1.14,-0.19,0.38,0,0.0,0
10710,20,-5,7,0.95,-0.24,0.33,0,0.0,0
10720,18,-6,7,0.86,-0.29,0.33,0,0.0,0
10730,19,-5,6,0.9,-0.24,0.29,0,0.0,0
10740,22,-8,6,1.05,-0.38,0.29,0,0.0,0
10750,19,-8,7,0.9,-0.38,0.33,0,0.0,0
10760,21,-13,7,1.0,-0.62,0.33,0,0.0,0
10770,19,-11,8,0.48,-0.62,0.38,0,0.0,0
10780,19,-13,9,0.9,-0.62,0.43,0,0.01,0
10790,15,-13,9,0.71,-0.62,0.43,0,0.02,0
10800,14,-11,9,0.67,-0.52,0.43,0,0.02,0
10810,17,-15,6,0.81,-0.71,0.29,0,0.01,0
10820,15,-17,5,0.71,-0.81,0.24,0,0.02,0
10830,14,-15,2,0.67,-0.71,0.1,0,0.01,0
10840,13,-18,2,0.62,-0.86,0.1,0,0.02,0
10850,13,-16,3,0.62,-0.76,0.14,0,0.02,0
10860,14,-16,6,0.67,-0.76,0.29,0,0.02,0
10870,14,-15,6,-0.62,0.24,0.0,0,0.02,0
10880,16,-7,7,0.76,-0.33,0.33,0,0.0,0
10890,21,-5,6,1.0,-0.24,0.29,0,0.0,0
10900,29,-4,4,1.38,-0.19,0.19,0,0.0,0
10910,22,-7,3,1.05,-0.33,0.14,0,0.0,0
10920,20,-5,4,0.95,-0.24,0.19,0,0.0,0
10930,19,-7,5,0.9,-0.33,0.24,0,0.0,0
10940,21,-3,5,1.0,-0.14,0.24,0,0.0,0
10950,21,-5,4,1.0,-0.24,0.19,0,0.0,0
10960,23,-4,5,1.1,-0.19,0.24,0,0.0,0
10970,24,-5,3,1.14,-0.24,0.14,0,0.0,0
10980,20,-6,5,0.95,-0.29,0.24,0,0.0,0
10990,23,-2,3,1.1,-0.1,0.14,0,0.0,0
11000,22,-5,1,1.05,-0.24,0.05,0,0.0,0
11010,20,-7,2,0.95,-0.33,0.1,0,0.0,0
11020,23,-6,2,1.1,-0.29,0.1,0,0.0,0
11030,22,-8,2,1.05,-0.38,0.1,0,0.0,0
11040,21,-7,3,1.0,-0.33,0.14,0,0.0,0
11050,23,-8,4,1.1,-0.38,0.19,0,0.0,0
11060,21,-5,5,1.0,-0.24,0.24,0,0.0,0
11070,23,-5,7,1.1,-0.24,0.33,0,0.0,0
11080,22,6,7,1.05,0.29,0.33,0,0.0,0
11090,23,-5,4,1.1,-0.24,0.19,0,0.0,0
11100,19,-4,4,0.9,-0.19,0.19,0,0.0,0
11110,21,-4,5,1.0,-0.19,0.24,0,0.0,0
11120,21,-6,5,1.0,-0.29,0.24,0,0.0,0
11130,21,-5,6,1.0,-0.24,0.29,0,0.0,0
11140,19,-5,9,1.05,-0.38,0.43,0,0.0,0
11150,21,-18,11,1.0,-0.86,0.52,0,0.0,0
11160,19,-32,8,0.9,-1.52,0.38,0,0.2,0
11170,27,-25,3,1.29,-1.19,0.14,0,0.02,0
11180,12,-17,6,0.57,-0.81,0.29,0,0.14,0
11190,4,-8,8,0.19,-0.38,0.38,0,0.46,0
11200,-11,-9,1,-0.52,-0.43,0.05,0,0.84,0
11210,-18,-5,3,-0.86,-0.24,0.14,0,0.78,0
11220,-19,0,2,-0.9,0.0,0.1,0,0.19,0
11230,-22,9,-1,-1.05,0.43,-0.05,0,0.02,0
11240,-22,1,0,-1.05,0.05,0.0,0,0.01,0
11250,-24,-1,2,-1.14,-0.05,0.1,0,0.0,0
11260,-20,0,2,-0.95,0.0,0.1,0,0.0,0
11270,-20,-1,6,-0.95,-0.05,0.29,0,0.01,0
11280,-20,1,2,-0.95,0.05,0.1,0,0.01,0
11290,-19,-5,8,-0.9,-0.24,0.38,0,0.07,0
11300,-21,1,7,-1.0,0.05,0.33,0,0.85,0
11310,-22,-2,7,-1.05,-0.1,0.33,0,0.99,0
11320,-20,0,7,-0.95,0.0,0.33,0,1.0,0
11330,-21,0,7,-1.0,0.0,0.33,0,1.0,0
11340,-21,0,9,-1.0,0.0,0.43,0,1.0,0
11350,-21,-7,7,-1.0,-0.33,0.33,0,1.0,0
11360,-24,-6,-4,-1.14,-0.29,-0.19,0,1.0,0
11370,-19,-2,-11,-0.9,-0.1,-0.52,0,0.99,0
11380,-17,0,-11,-0.81,0.0,-0.52,0,0.98,0
11390,-23,3,-6,-1.1,0.14,-0.29,0,0.96,0
11400,-21,-1,-8,-1.0,-0.05,-0.38,0,0.92,0
11410,-21,4,-4,-1.0,0.14,-0.24,0,0.88,0
11420,-18,3,-6,-0.86,0.14,-0.29,0,0.77,0
11430,-19,4,-7,-0.9,0.19,-0.33,0,0.6,0
11440,-21,4,-10,-1.0,0.19,-0.48,0,0.42,0
11450,-22,-5,-8,-1.05,-0.24,-0.38,0,0.35,0
11460,-17,-12,3,-0.81,-0.57,0.14,0,0.89,0
11470,-23,-4,2,-1.1,-0.19,0.1,0,0.95,0
11480,-25,-11,4,-1.19,-0.52,0.19,0,0.99,0
11490,-28,-7,0,-1.33,-0.33,0.0,0,0.99,0
11500,-23,-3,-3,-1.1,-0.14,-0.14,0,0.97,0
11510,-19,-4,-2,-1.05,-0.19,-0.1,0,0.96,0
11520,-26,-8,1,-1.24,-0.38,0.05,0,0.97,0
11530,-26,-9,-3,-1.24,-0.43,-0.14,0,0.97,0
11540,-15,-5,-8,-0.71,-0.24,-0.38,0,0.94,0
11550,-11,6,-14,-0.52,0.29,-0.67,0,0.93,0
11560,-18,4,-18,-0.86,0.19,-0.86,0,0.9,0
11570,-7,1,-11,-0.33,0.05,-0.52,0,0.88,0
11580,-5,-14,-9,-0.24,-0.67,-0.43,0,0.86,0
11590,0,-23,8,0.0,-1.1,0.38,0,0.91,0
11600,31,-10,22,1.48,-0.48,1.05,0,0.83,0
11610,31,-8,17,1.48,-0.38,0.81,0,0.78,0
11620,24,-2,10,1.14,-0.1,0.48,0,0.73,0
11630,18,-9,9,0.86,-0.43,0.43,0,0.77,0
11640,22,-3,0,1.05,-0.14,0.0,0,0.7,0
11650,24,-4,4,1.14,-0.19,0.19,0,0.65,0
11660,18,-4,4,0.86,-0.19,0.19,0,0.59,0
11670,19,-5,1,0.9,-0.24,0.05,0,0.49,0
11680,23,-7,2,1.1,-0.33,0.1,0,0.37,0
11690,19,-8,2,0.9,-0.38,0.1,0,0.29,0
11700,21,-7,0,1.0,-0.33,0.0,0,0.13,0
11710,26,-11,1,1.24,-0.52,0.05,0,0.05,0
11720,23,-7,1,1.1,-0.33,0.05,0,0.02,0
11730,24,-3,1,1.14,-0.14,0.05,0,0.01,0
11740,21,-6,1,1.0,-0.29,0.05,0,0.0,0
11750,21,-7,4,1.0,-0.33,0.19,0,0.0,0
11760,17,-7,7,0.81,-0.33,0.33,0,0.0,0
11770,19,-8,8,0.9,-0.38,0.38,0,0.0,0
11780,18,-9,9,0.86,-0.43,0.43,0,0.0,0
11790,21,-7,14,1.0,-0.33,0.67,0,0.0,0
11800,18,-8,8,0.86,-0.38,0.38,0,0.0,0
11810,20,-11,7,0.95,-0.52,0.33,0,0.0,0
11820,19,-13,8,0.9,-0.62,0.38,0,0.01,0
11830,16,-12,8,0.76,-0.57,0.38,0,0.01,0
11840,14,-11,9,0.67,-0.52,0.43,0,0.02,0
11850,15,-17,10,0.71,-0.81,0.48,0,0.1,0
11860,11,-13,9,0.52,-0.62,0.43,0,0.11,0
11870,13,-14,8,0.62,-0.67,0.38,0,0.02,0
11880,14,-12,12,0.67,-0.57,0.57,0,0.0,0
11890,15,-9,12,0.71,-0.43,0.57,0,0.0,0
11900,16,-10,9,0.76,-0.48,0.43,0,0.0,0
11910,18,-13,11,0.86,-0.62,0.52,0,0.0,0
11920,14,-12,12,0.67,-0.57,0.57,0,0.0,0
11930,14,-13,11,0.67,-0.62,0.52,0,0.0,0
11940,16,-11,11,0.76,-0.52,0.52,0,0.0,0
11950,16,-10,8,0.76,-0.48,0.38,0,0.0,0
11960,17,-12,10,0.81,-0.57,0.48,0,0.0,0
11970,18,-8,12,0.86,-0.38,0.57,0,0.0,0
11980,17,-8,14,0.81,-0.38,0.67,0,0.0,0
11990,17,-7,12,0.81,-0.33,0.57,0,0.0,0
12000,18,-8,11,0.86,-0.38,0.52,0,0.0,0
12010,18,-8,12,0.86,-0.38,0.57,0,0.0,0
12020,19,-8,11,0.9,-0.38,0.52,0,0.0,0
12030,18,-8,10,0.86,-0.38,0.48,0,0.0,0
12040,18,-6,11,0.86,-0.29,0.52,0,0.0,0
12050,19,-8,11,0.9,-0.38,0.52,0,0.0,0
12060,15,-8,10,0.71,-0.38,0.48,0,0.0,0
12070,18,-8,9,0.86,-0.38,0.43,0,0.0,0
12080,14,-7,11,0.67,-0.33,0.52,0,0.0,0
12090,18,-8,12,0.86,-0.38,0.57,0,0.0,0
12100,19,-9,14,0.9,-0.43,0.67,0,0.0,0
12110,16,-7,11,0.76,-0.33,0.52,0,0.0,0
12120,20,-7,12,0.95,-0.33,0.57,0,0.0,0
12130,18,-7,12,0.86,-0.33,0.57,0,0.0,0
12140,18,-7,13,0.86,-0.33,0.62,0,0.0,0
12150,16,-8,11,0.76,-0.38,0.52,0,0.0,0
12160,14,-9,10,0.67,-0.43,0.48,0,0.0,0
12170,19,-10,14,0.9,-0.48,0.67,0,0.0,0
12180,15,-11,12,0.71,-0.52,0.57,0,0.0,0
12190,13,-11,12,0.62,-0.52,0.57,0,0.0,0
12200,12,-12,13,0.57,-0.57,0.62,0,0.0,0
12210,8,-13,10,0.38,-0.62,0.48,0,0.01,0
12220,12,-19,14,0.57,-0.9,0.67,0,0.0,0
12230,5,-16,11,0.24,-0.76,0.52,0,0.01,0
12240,5,-12,15,0.24,-0.57,0.71,0,0.01,0
12250,4,-21,10,0.19,-1.0,0.48,0,0.0,0
12260,-2,-28,17,-0.1,-1.33,0.81,0,0.07,0
12270,10,-27,8,0.48,-1.29,0.38,0,0.0,0
12280,-10,-16,1,-0.48,-0.76,0.05,0,0.01,0
12290,-16,-8,-6,-0.76,-0.38,-0.29,0,0.0,0
12300,-17,0,-3,-0.81,0.0,-0.14,0,0.0,0
12310,-15,10,1,-0.71,0.48,0.05,0,0.0,0
12320,-13,3,-8,-0.62,0.14,-0.38,0,0.0,0
12330,-25,5,-2,-1.19,0.24,-0.1,0,0.0,0
12340,-30,0,1,-1.43,0.0,0.05,0,0.0,0
12350,-16,1,1,-0.76,0.05,0.05,0,0.0,0
12360,-17,1,0,-0.81,0.05,0.0,0,0.0,0
12370,-28,3,-8,-1.33,0.14,-0.38,0,0.0,0
12380,-16,3,-5,-0.76,0.14,-0.24,0,0.0,0
12390,-15,1,-6,-0.71,0.05,-0.29,0,0.0,0
12400,-25,0,1,-1.19,0.0,0.05,0,0.0,0
12410,-27,4,0,-1.29,0.19,0.0,0,0.0,0
12420,-13,2,-6,-0.62,0.1,-0.29,0,0.0,0
12430,-18,2,-2,-0.86,0.1,-0.1,0,0.0,0
12440,-18,6,-3,-0.86,0.29,-0.14,0,0.0,0
12450,-12,-3,3,-0.57,-0.14,0.14,0,0.0,0
12460,-3,-12,15,-0.14,-0.57,0.71,0,0.0,0
12470,7,-19,15,0.33,-0.9,0.71,0,0.0,0
12480,10,-26,23,0.48,-1.24,1.1,0,0.0,0
12490,5,-21,10,0.24,-1.0,0.48,0,0.0,0
12500,10,-20,12,0.48,-0.95,0.57,0,0.0,0
12510,10,-17,11,0.48,-0.81,0.52,0,0.0,0
12520,10,-16,11,0.48,-0.76,0.52,0,0.0,0
12530,7,-19,13,0.33,-0.9,0.62,0,0.0,0
12540,3,-22,15,0.14,-1.05,0.71,0,0.0,0
12550,-2,-21,11,-0.1,-1.0,0.52,0,0.09,0
12560,-7,-20,8,-0.33,-0.95,0.38,0,0.7,0
12570,-13,-18,5,-0.62,-0.86,0.24,0,0.98,0
12580,-14,-13,-1,-0.67,-0.62,-0.05,0,0.96,0
12590,-16,-7,-5,-0.76,-0.33,-0.24,0,0.7,0
12600,-19,-3,-12,-0.9,-0.14,-0.57,0,0.09,0
12610,-19,2,-16,-0.9,0.1,-0.76,0,0.01,0
12620,-10,7,-12,-0.48,0.33,-0.57,0,0.0,0
12630,-9,10,-14,-0.43,0.48,-0.67,0,0.0,0
12640,-5,12,-14,-0.24,0.57,-0.67,0,0.0,0
12650,-2,18,-9,-0.1,0.86,-0.43,0,0.0,0
12660,4,15,-9,0.19,0.71,-0.43,0,0.0,0
12670,5,23,-7,0.24,1.1,-0.33,0,0.0,0
12680,5,30,-7,0.24,1.43,-0.33,0,0.0,0
12690,-7,24,-7,-0.33,1.14,-0.33,0,0.0,0
12700,-2,19,-1,-0.1,0.9,-0.05,0,0.0,0
12710,5,27,-11,0.24,1.29,-0.52,0,0.0,0
12720,-4,6,4,-0.19,0.29,0.19,0,0.0,0
12730,-3,23,-12,-0.14,1.1,-0.57,0,0.0,0
12740,6,24,7,0.29,1.14,0.33,0,0.0,0
12750,-8,14,-14,-0.38,0.67,-0.67,0,0.0,0
12760,-4,15,-9,-0.19,0.71,-0.43,0,0.0,0
12770,15,26,8,0.71,1.24,0.38,0,0.0,0
12780,-6,20,-4,-0.29,0.95,-0.19,0,0.0,0
12790,-7,25,-6,-0.33,1.19,-0.29,0,0.0,0
12800,15,28,4,0.71,1.33,0.19,0,0.0,0
12810,5,22,2,0.24,1.05,0.1,0,0.0,0
12820,-14,29,-11,-0.67,1.38,-0.52,0,0.0,0
12830,10,20,2,0.48,0.95,0.1,0,0.0,0
12840,12,19,2,0.57,0.9,0.1,0,0.0,0
12850,-27,18,-20,-1.29,0.86,-0.95,0,0.0,0
12860,2,9,-2,0.1,0.43,-0.1,0,0.0,0
12870,13,13,-2,0.62,0.62,-0.1,0,0.0,0
12880,-7,14,-8,-0.33,0.67,-0.38,0,0.0,0
12890,-8,9,-10,-0.38,0.43,-0.48,0,0.0,0
12900,-8,5,-14,-0.38,0.24,-0.67,0,0.0,0
12910,-13,-16,5,-0.62,-0.76,0.24,0,0.0,0
12920,0,-32,12,0.0,-1.52,0.57,0,0.0,0
12930,-21,19,-31,-1.0,0.9,-1.48,0,0.0,0
12940,-1,-27,9,-0.05,-1.29,0.43,0,0.0,0
12950,10,-14,16,0.48,-0.67,0.76,0,0.0,0
12960,-7,-25,23,-0.33,-1.19,1.1,0,0.0,0
12970,-1,-18,10,-0.05,-0.86,0.48,0,0.0,0
12980,2,-17,11,0.1,-0.81,0.52,0,0.0,0
12990,3,-17,14,0.14,-0.81,0.67,0,0.0,0
13000,4,-14,12,0.19,-0.67,0.57,0,0.0,0
13010,3,-14,17,0.14,-0.67,0.81,0,0.0,0
13020,4,-13,14,0.19,-0.62,0.67,0,0.0,0
13030,3,-15,15,0.14,-0.71,0.71,0,0.0,0
13040,3,-18,22,0.14,-0.86,1.05,0,0.0,0
13050,2,-9,14,0.1,-0.43,0.67,0,0.0,0
13060,1,-9,18,0.05,-0.43,0.86,0,0.0,0
13070,1,-11,16,0.05,-0.52,0.76,0,0.0,0
13080,3,-14,16,0.14,-0.67,0.76,0,0.0,0
13090,5,-16,14,0.24,-0.76,0.67,0,0.0,0
13100,2,-14,12,0.1,-0.67,0.57,0,0.0,0
13110,3,-12,12,0.14,-0.57,0.57,0,0.0,0
13120,10,-11,20,0.48,-0.52,0.95,0,0.0,0
13130,9,-10,19,0.43,-0.48,0.9,0,0.0,0
13140,9,-11,16,0.43,-0.52,0.76,0,0.0,0
13150,6,-11,15,0.29,-0.52,0.71,0,0.0,0
13160,7,-7,17,0.33,-0.33,0.81,0,0.0,0
13170,8,-8,19,0.38,-0.38,0.9,0,0.0,0
13180,9,-6,18,0.43,-0.29,0.86,0,0.0,0
13190,5,-9,21,0.24,-0.43,1.0,0,0.0,0
13200,1,-9,20,0.05,-0.43,0.95,0,0.0,0
13210,2,-8,19,0.1,-0.38,0.9,0,0.0,0
13220,3,-4,20,0.14,-0.19,0.95,0,0.0,0
13230,7,-4,22,0.33,-0.19,1.05,0,0.0,0
13240,8,-3,21,0.38,-0.14,1.0,0,0.0,0
13250,10,-2,18,0.48,-0.1,0.86,0,0.0,0
13260,12,-2,17,0.57,-0.1,0.81,0,0.0,0
13270,9,-6,18,0.43,-0.29,0.86,0,0.0,0
13280,6,-7,20,0.29,-0.33,0.95,0,0.0,0
13290,2,-6,21,0.1,-0.29,1.0,0,0.0,0
13300,4,-4,22,0.19,-0.19,1.05,0,0.0,0
13310,6,-5,21,0.29,-0.24,1.0,0,0.0,0
13320,7,-9,20,0.33,-0.43,0.95,0,0.0,0
13330,6,-4,19,0.29,-0.19,0.9,0,0.0,0
13340,7,-3,21,0.33,-0.14,1.0,0,0.0,0
13350,8,-4,20,0.38,-0.19,0.95,0,0.0,0
13360,6,12,23,0.29,0.57,1.1,0,0.0,0
13370,10,-6,16,0.48,-0.29,0.76,0,0.0,0
13380,8,-10,18,0.38,-0.48,0.86,0,0.0,0
13390,5,-12,19,0.24,-0.57,0.9,0,0.0,0
13400,3,-14,18,0.14,-0.67,0.86,0,0.0,0
13410,3,-14,18,0.14,-0.67,0.86,0,0.0,0
13420,4,-15,19,0.19,-0.71,0.9,0,0.0,0
13430,2,-11,15,0.1,-0.52,0.71,0,0.0,0
13440,8,-14,22,0.38,-0.67,1.05,0,0.0,0
13450,11,-22,22,0.52,-1.05,1.05,0,0.0,0
13460,4,-22,12,0.19,-1.05,0.57,0,0.0,0
13470,-2,-18,8,-0.1,-0.86,0.38,0,0.0,0
13480,-10,-18,7,-0.48,-0.86,0.33,0,0.01,0
13490,-14,-14,7,-0.67,-0.67,0.33,0,0.17,0
13500,-16,-10,5,-0.76,-0.48,0.24,0,0.86,0
13510,-18,-7,4,-0.86,-0.33,0.19,0,0.98,0
13520,-20,-5,3,-0.95,-0.24,0.14,0,0.99,0
13530,-22,-3,3,-1.05,-0.14,0.14,0,0.99,0
13540,-23,-1,4,-1.1,-0.05,0.19,0,0.98,0
13550,-23,0,4,-1.1,0.0,0.19,0,0.97,0
13560,-21,0,3,-1.0,0.0,0.14,0,0.97,0
13570,-22,2,3,-1.05,0.1,0.14,0,0.98,0
13580,-21,4,3,-1.0,0.19,0.14,0,0.98,0
13590,-20,4,1,-0.95,0.19,0.05,0,0.97,0
13600,-20,7,1,-0.95,0.33,0.05,0,0.94,0
13610,-20,9,-1,-0.95,0.43,-0.05,0,0.88,0
13620,-16,9,-6,-0.76,0.43,-0.29,0,0.75,0
13630,-19,7,-7,-0.9,0.33,-0.33,0,0.6,0
13640,-16,10,-10,-0.76,0.48,-0.48,0,0.42,0
13650,-16,5,-9,-0.76,0.24,-0.43,0,0.3,0
13660,-16,5,-9,-0.76,0.24,-0.43,0,0.2,0
13670,-16,3,-8,-0.76,0.14,-0.38,0,0.13,0
13680,-17,-4,1,-0.81,-0.19,0.05,0,0.14,0
13690,-16,-12,6,-0.76,-0.57,0.29,0,0.78,0
13700,-14,-21,6,-0.67,-1.0,0.29,0,0.99,0
13710,-11,-20,8,-0.52,-0.95,0.38,0,1.0,0
13720,-3,-22,8,-0.14,-1.05,0.38,0,1.0,0
13730,0,-23,7,0.0,-1.1,0.33,0,0.99,0
13740,3,-19,12,0.14,-0.9,0.57,0,0.98,0
13750,7,-13,15,0.33,-0.62,0.71,0,0.97,0
13760,9,-15,27,0.43,-0.71,1.29,0,0.91,0
13770,9,-11,22,0.43,-0.52,1.05,0,0.75,0
13780,6,-8,18,0.29,-0.38,0.86,0,0.54,0
13790,7,-7,15,0.33,-0.33,0.71,0,0.32,0
13800,11,-6,20,0.52,-0.29,0.95,0,0.13,0
13810,10,-7,19,0.48,-0.33,0.9,0,0.04,0
13820,9,-10,18,0.43,-0.48,0.86,0,0.01,0
13830,8,-5,18,0.38,-0.24,0.86,0,0.01,0
13840,8,-5,17,0.38,-0.24,0.81,0,0.0,0
13850,12,-2,17,0.57,-0.1,0.81,0,0.0,0
13860,12,-3,19,0.57,-0.14,0.9,0,0.0,0
13870,11,-4,18,0.52,-0.19,0.86,0,0.0,0
13880,12,-11,17,0.57,-0.52,0.81,0,0.0,0
13890,10,-7,16,0.48,-0.33,0.76,0,0.0,0
13900,8,-9,16,0.38,-0.43,0.76,0,0.0,0
13910,7,-12,16,0.33,-0.57,0.76,0,0.0,0
13920,9,-15,16,0.43,-0.71,0.76,0,0.0,0
13930,8,-12,16,0.38,-0.57,0.76,0,0.0,0
13940,12,-12,18,0.57,-0.57,0.86,0,0.0,0
13950,11,-5,16,0.52,-0.24,0.76,0,0.0,0
13960,12,-11,16,0.57,-0.52,0.76,0,0.0,0
13970,13,-14,16,0.62,-0.67,0.76,0,0.0,0
13980,12,-13,14,0.57,-0.62,0.67,0,0.0,0
13990,12,-16,14,0.57,-0.76,0.67,0,0.0,0
14000,9,-14,10,0.43,-0.67,0.48,0,0.0,0
14010,8,-14,12,0.38,-0.67,0.57,0,0.0,0
14020,11,-15,21,0.52,-0.71,1.0,0,0.0,0
14030,11,-12,15,0.52,-0.57,0.71,0,0.0,0
14040,6,-8,12,0.29,-0.38,0.57,0,0.0,0
14050,10,-13,15,0.48,-0.62,0.71,0,0.0,0
14060,13,-14,17,0.62,-0.67,0.81,0,0.0,0
14070,14,-10,17,0.67,-0.48,0.81,0,0.0,0
14080,14,-7,16,0.67,-0.33,0.76,0,0.0,0
14090,13,-11,16,0.62,-0.52,0.76,0,0.0,0
14100,15,-11,17,0.71,-0.52,0.81,0,0.0,0
14110,11,-10,15,0.52,0.62,0.0,0,0.0,0
14120,9,-9,12,0.43,-0.43,0.57,0,0.0,0
14130,10,-7,15,0.48,-0.33,0.71,0,0.0,0
14140,12,-7,16,0.57,-0.33,0.76,0,0.0,0
14150,10,-7,17,0.48,-0.33,0.81,0,0.0,0
14160,9,-4,14,0.43,-0.19,0.67,0,0.0,0
14170,13,-5,16,0.62,-0.24,0.76,0,0.0,0
14180,13,-6,19,0.62,-0.29,0.9,0,0.0,0
14190,12,-5,17,0.57,-0.24,0.81,0,0.0,0
14200,12,-5,17,0.57,-0.24,0.81,0,0.0,0
14210,9,-5,17,-0.19,0.81,0.0,0,0.0,0
14220,10,-8,18,0.48,-0.38,0.86,0,0.0,0
14230,13,-8,19,0.62,-0.38,0.9,0,0.0,0
14240,10,-11,15,0.48,-0.52,0.71,0,0.0,0
14250,9,-9,15,0.43,-0.43,0.71,0,0.0,0
14260,11,-9,17,0.52,-0.43,0.81,0,0.0,0
14270,7,-6,16,0.33,-0.29,0.76,0,0.0,0
14280,7,-6,15,0.33,-0.29,0.71,0,0.0,0
14290,6,-7,14,0.29,-0.33,0.67,0,0.0,0
14300,10,-9,21,0.48,-0.43,1.0,0,0.0,0
14310,10,-9,21,0.29,-0.33,1.05,0,0.0,0
14320,6,-8,24,0.29,-0.38,1.14,0,0.0,0
14330,1,-8,22,0.05,-0.38,1.05,0,0.0,0
14340,-1,-3,20,-0.05,-0.14,0.95,0,0.0,0
14350,2,-5,18,0.1,-0.24,0.86,0,0.0,0
14360,4,-5,19,0.19,-0.24,0.9,0,0.0,0
14370,3,-4,22,0.14,-0.19,1.05,0,0.0,0
14380,2,-2,25,0.1,-0.1,1.19,0,0.0,0
14390,1,-2,23,0.05,-0.1,1.1,0,0.0,0
14400,1,-1,19,0.05,-0.05,0.9,0,0.0,0
14410,1,-3,19,0.05,-0.1,0.95,0,0.0,0
14420,1,0,23,0.05,0.0,1.1,0,0.0,0
14430,2,0,21,0.1,0.0,1.0,0,0.0,0
14440,1,-1,21,0.05,-0.05,1.0,0,0.0,0
14450,2,1,21,0.1,0.05,1.0,0,0.0,0
14460,1,0,21,0.05,0.0,1.0,0,0.0,0
14470,1,0,20,0.05,0.0,0.95,0,0.0,0
14480,2,0,30,0.1,0.0,1.43,0,0.0,0
14490,4,-1,31,0.19,-0.05,1.48,0,0.0,0
14500,-3,2,24,-0.14,0.1,1.14,0,0.0,0
14510,-15,-2,13,-0.71,-0.14,0.67,0,0.0,0
14520,-9,-19,21,-0.43,-0.9,1.0,0,0.0,0
14530,-15,-11,24,-0.71,-0.52,1.14,0,0.0,0
14540,-8,-12,11,-0.38,-0.57,0.52,0,0.0,0
14550,8,-12,13,0.38,-0.57,0.62,0,0.0,0
14560,7,-10,10,0.33,-0.48,0.48,0,0.0,0
14570,-1,0,1,-0.05,0.0,0.05,0,0.0,0
14580,-3,-3,-1,-0.14,-0.14,-0.05,0,0.0,0
14590,-2,-6,-1,-0.1,-0.29,-0.05,0,0.0,0
14600,5,-23,23,0.24,-1.1,1.1,0,0.0,0
14610,-5,-13,30,0.05,-1.0,1.33,0,0.0,0
14620,4,-31,29,0.19,-1.48,1.38,0,0.0,0
14630,0,-21,23,0.0,-1.0,1.1,0,0.0,0
14640,1,-20,16,0.05,-0.95,0.76,0,0.0,0
14650,-1,-8,7,-0.05,-0.38,0.33,0,0.0,0
14660,-2,-3,5,-0.1,-0.14,0.24,0,0.0,0
14670,-6,-17,12,-0.29,-0.81,0.57,0,0.06,0
14680,-2,-18,11,-0.1,-0.86,0.52,0,0.08,0
14690,-4,-10,8,-0.19,-0.48,0.38,0,0.42,0
14700,-2,-25,12,-0.1,-1.19,0.57,0,0.41,0
14710,0,-24,9,-0.05,-1.1,0.43,0,0.35,0
14720,1,-17,7,0.05,-0.81,0.33,0,0.43,0
14730,-1,-21,7,-0.05,-1.0,0.33,0,0.62,0
14740,0,-25,7,0.0,-1.19,0.33,0,0.66,0
14750,-1,-19,8,-0.05,-0.9,0.38,0,0.67,0
14760,0,-18,8,0.0,-0.86,0.38,0,0.62,0
14770,-1,-26,9,-0.05,-1.24,0.43,0,0.56,0
14780,-3,-21,8,-0.14,-1.0,0.38,0,0.44,0
14790,0,-19,9,0.0,-0.9,0.43,0,0.36,0
14800,-1,-20,9,-0.05,-0.95,0.43,0,0.28,0
14810,-3,-17,7,-0.1,-0.76,0.24,0,0.2,0
14820,-4,-22,3,-0.19,-1.05,0.14,0,0.15,0
14830,-6,-24,5,-0.29,-1.14,0.24,0,0.09,0
14840,-4,-28,3,-0.19,-1.33,0.14,0,0.06,0
14850,-3,-22,4,-0.14,-1.05,0.19,0,0.03,0
14860,-3,-24,4,-0.14,-1.14,0.19,0,0.02,0
14870,-7,-21,4,-0.33,-1.0,0.19,0,0.01,0
14880,-17,-16,-8,-0.81,-0.76,-0.38,0,0.01,0
14890,-8,-19,0,-0.38,-0.9,0.0,0,0.01,0
14900,-10,-13,0,-0.48,-0.62,0.0,0,0.01,0
14910,-12,-18,0,-0.48,-1.1,0.14,0,0.01,0
14920,-11,-20,3,-0.52,-0.95,0.14,0,0.01,0
14930,-11,-21,-1,-0.52,-1.0,-0.05,0,0.01,0
14940,-4,-23,3,-0.19,-1.1,0.14,0,0.01,0
14950,-9,-10,1,-0.43,-0.48,0.05,0,0.0,0
14960,-3,-29,7,-0.14,-1.38,0.33,0,0.0,0
14970,0,-24,12,0.0,-1.14,0.57,0,0.0,0
14980,-1,-18,7,-0.05,-0.86,0.33,0,0.0,0
14990,2,-23,10,0.1,-1.1,0.48,0,0.0,0
15000,-6,-16,9,-0.29,-0.76,0.43,0,0.0,0
15010,-3,-24,10,-0.19,-1.33,0.48,0,0.01,0
15020,-10,-29,3,-0.48,-1.38,0.14,0,0.02,0
15030,-9,-23,11,-0.43,-1.1,0.52,0,0.21,0
15040,-10,-21,3,-0.48,-1.0,0.14,0,0.59,0
15050,-9,-7,1,-0.43,-0.33,0.05,0,0.27,0
15060,-14,-7,-4,-0.67,-0.33,-0.19,0,0.04,0
15070,-19,-13,-4,-0.9,-0.62,-0.19,0,0.02,0
15080,-21,-12,-5,-1.0,-0.57,-0.24,0,0.01,0
15090,-18,-11,-4,-0.86,-0.52,-0.19,0,0.01,0
15100,-28,-4,-9,-1.33,-0.19,-0.43,0,0.0,0
15110,-20,-11,-3,-0.95,-0.52,-0.14,0,0.0,0
15120,-13,-17,1,-0.62,-0.81,0.05,0,0.01,0
15130,27,-12,19,1.29,-0.57,0.9,0,0.0,0
15140,2,-3,17,0.1,-0.14,0.81,0,0.0,0
15150,20,-10,23,0.95,-0.48,1.1,0,0.0,0
15160,22,-8,3,1.05,-0.38,0.14,0,0.0,0
15170,-32,14,-12,-1.52,0.67,-0.57,0,0.0,0
15180,-20,1,-11,-0.95,0.05,-0.52,0,0.0,0
15190,-32,2,-11,-1.52,0.1,-0.52,0,0.0,0
15200,-26,-5,-14,-1.24,-0.24,-0.67,0,0.0,0
15210,31,2,31,1.48,0.1,1.48,0,0.0,0
15220,18,-4,26,0.86,-0.19,1.24,0,0.0,0
15230,30,-22,21,1.43,-1.05,1.0,0,0.0,0
15240,-31,-1,-18,-1.48,-0.05,-0.86,0,0.0,0
15250,-32,17,-24,-1.52,0.81,-1.14,0,0.0,0
15260,-5,2,-5,-0.24,0.1,-0.24,0,0.0,0
15270,19,-27,26,0.9,-1.29,1.24,0,0.01,0
15280,-30,-24,-11,-1.43,-1.14,-0.52,0,0.02,0
15290,-24,-21,5,-1.14,-1.0,0.24,0,0.21,0
15300,-10,-21,-3,-0.48,-1.0,-0.14,0,0.2,0
15310,-11,-19,-2,-0.52,-0.9,-0.1,0,0.34,0
15320,-5,-15,-4,-0.24,-0.71,-0.19,0,0.03,0
15330,-1,-10,-2,-0.05,-0.48,-0.1,0,0.0,0
15340,0,-16,-12,0.0,-0.76,-0.57,0,0.0,0
15350,4,-32,-14,0.19,-1.52,-0.67,0,0.0,0
15360,18,-32,-12,0.86,-1.52,-0.57,0,0.0,0
15370,30,-25,20,1.43,-1.19,0.95,0,0.0,0
15380,-6,8,2,-0.29,0.38,0.1,0,0.0,0
15390,10,-8,-3,0.48,-0.38,-0.14,0,0.0,0
15400,20,-25,-4,0.95,-1.19,-0.19,0,0.0,0
15410,-8,-32,-11,-0.38,-1.52,-0.52,0,0.0,0
15420,-1,-22,0,-0.05,-1.05,0.0,0,0.0,0
15430,1,-14,10,0.05,-0.67,0.48,0,0.0,0
15440,-4,-18,15,-0.19,-0.86,0.71,0,0.0,0
15450,8,-26,6,0.38,-1.24,0.29,0,0.0,0
15460,6,-21,3,0.29,-1.0,0.14,0,0.0,0
15470,6,-18,2,0.29,-0.86,0.1,0,0.0,0
15480,11,-30,3,0.52,-1.43,0.14,0,0.0,0
15490,5,-29,2,0.24,-1.38,0.1,0,0.0,0
15500,0,-22,3,0.0,-1.05,0.14,0,0.01,0
15510,-7,-21,5,-0.33,-1.0,0.24,0,0.08,0
15520,-10,-20,2,-0.48,-0.95,0.1,0,0.18,0
15530,-12,-19,2,-0.57,-0.9,0.1,0,0.47,0
15540,-14,-16,3,-0.67,-0.76,0.14,0,0.79,0
15550,-17,-13,2,-0.81,-0.62,0.1,0,0.87,0
15560,-18,-9,2,-0.86,-0.43,0.1,0,0.87,0
15570,-20,-6,3,-0.95,-0.29,0.14,0,0.84,0
15580,-22,-1,2,-1.05,-0.05,0.1,0,0.33,0
15590,-21,-1,2,-1.0,-0.05,0.1,0,0.07,0
15600,-22,-1,3,-1.05,-0.05,0.14,0,0.02,0
15610,-21,2,1,-1.0,0.1,0.05,0,0.01,0
15620,-21,4,1,-1.0,0.19,0.05,0,0.0,0
15630,-20,2,2,-0.95,0.1,0.1,0,0.0,0
15640,-20,5,1,-0.95,0.24,0.05,0,0.0,0
15650,-20,4,0,-0.95,0.19,0.0,0,0.0,0
15660,-21,5,1,-1.0,0.24,0.05,0,0.0,0
15670,-22,5,0,-1.05,0.24,0.0,0,0.0,0
15680,-21,4,-1,-1.0,0.19,-0.05,0,0.0,0
15690,-19,5,0,-0.9,0.24,0.0,0,0.0,0
15700,-20,5,-1,-0.95,0.24,-0.05,0,0.0,0
15710,-15,1,-5,-0.71,0.05,-0.24,0,0.0,0
15720,-12,1,-2,-0.57,0.05,-0.1,0,0.0,0
15730,-11,-1,0,-0.52,-0.05,0.0,0,0.0,0
15740,-9,-12,7,-0.43,-0.57,0.33,0,0.01,0
15750,2,-32,8,0.1,-1.52,0.38,0,0.0,0
15760,0,-26,13,0.0,-1.24,0.62,0,0.0,0
15770,6,-10,9,0.29,-0.48,0.43,0,0.0,0
15780,17,-12,21,0.81,-0.57,1.0,0,0.0,0
15790,19,-7,12,0.9,-0.33,0.57,0,0.0,0
15800,18,-2,16,0.86,-0.1,0.76,0,0.0,0
15810,13,0,17,0.62,0.0,0.81,0,0.0,0
15820,16,0,16,0.76,0.0,0.76,0,0.0,0
15830,16,-3,18,0.76,-0.14,0.86,0,0.0,0
15840,14,-4,13,0.67,-0.19,0.62,0,0.0,0
15850,13,-3,15,0.62,-0.14,0.71,0,0.0,0
15860,17,-6,19,0.81,-0.29,0.9,0,0.0,0
15870,11,-7,17,0.52,-0.33,0.81,0,0.0,0
15880,13,-12,16,0.62,-0.57,0.76,0,0.0,0
15890,10,-13,15,0.48,-0.62,0.71,0,0.0,0
15900,9,-14,13,0.43,-0.67,0.62,0,0.0,0
15910,10,-14,13,0.48,-0.67,0.62,0,0.0,0
15920,10,-17,13,0.48,-0.81,0.62,0,0.0,0
15930,8,-15,13,0.38,-0.71,0.62,0,0.0,0
15940,7,-14,18,0.33,-0.67,0.86,0,0.0,0
15950,4,-25,14,0.19,-1.19,0.67,0,0.0,0
15960,-2,-27,11,-0.1,-1.29,0.52,0,0.01,0
15970,-5,-25,6,-0.24,-1.19,0.29,0,0.01,0
15980,-11,-10,0,-0.52,-0.48,0.0,0,0.01,0
15990,-13,-5,-4,-0.62,-0.24,-0.19,0,0.0,0
16000,-12,0,-8,-0.57,0.0,-0.38,0,0.0,0
16010,-7,12,-12,-0.33,0.57,-0.57,0,0.0,0
16020,-20,4,-14,-0.95,0.19,-0.67,0,0.0,0
16030,-19,-2,-13,-0.9,-0.1,-0.62,0,0.0,0
16040,-11,6,-9,-0.52,0.76,-0.9,0,0.0,0
16050,-19,6,-13,-0.9,0.29,-0.62,0,0.0,0
16060,-21,4,-16,-1.0,0.19,-0.76,0,0.0,0
16070,-12,0,-3,-0.57,0.0,-0.14,0,0.0,0
16080,-12,5,-17,-0.57,0.24,-0.81,0,0.0,0
16090,-22,4,-20,-1.05,0.19,-0.95,0,0.0,0
16100,-7,8,-19,-0.33,0.38,-0.9,0,0.0,0
16110,-9,5,-14,-0.43,0.24,-0.67,0,0.0,0
16120,-20,5,-21,-0.95,0.24,-1.0,0,0.0,0
16130,-10,7,-15,-0.48,0.33,-0.71,0,0.0,0
16140,-5,5,-12,-0.43,0.19,-0.62,0,0.0,0
16150,-17,7,-22,-0.81,0.33,-1.05,0,0.0,0
16160,-14,5,-15,-0.67,0.24,-0.71,0,0.0,0
16170,-3,7,-15,-0.14,0.33,-0.71,0,0.0,0
16180,-15,7,-19,-0.71,0.33,-0.9,0,0.0,0
16190,-12,6,-25,-0.57,0.29,-1.19,0,0.0,0
16200,-8,3,-13,-0.38,0.14,-0.62,0,0.0,0
16210,-12,4,-17,-0.57,0.19,-0.81,0,0.0,0
16220,-22,5,-18,-1.05,0.24,-0.86,0,0.0,0
16230,-9,5,-18,-0.43,0.24,-0.86,0,0.0,0
16240,-7,3,-16,-0.33,0.14,-0.76,0,0.0,0
16250,-9,1,-15,-0.43,0.05,-0.71,0,0.0,0
16260,-16,1,-9,-0.76,0.05,-0.43,0,0.0,0
16270,-17,-4,-2,-0.81,-0.19,-0.1,0,0.0,0
16280,-8,-23,6,-0.38,-1.1,0.29,0,0.0,0
16290,-3,-32,6,-0.14,-1.52,0.29,0,0.0,0
16300,0,-27,9,0.0,-1.29,0.43,0,0.0,0
16310,2,-26,2,0.1,-1.24,0.1,0,0.0,0
16320,6,-20,3,0.29,-0.95,0.14,0,0.0,0
16330,6,-19,5,0.29,-0.9,0.24,0,0.0,0
16340,11,-21,6,0.57,-1.0,0.29,0,0.0,0
16350,16,-17,10,0.76,-0.81,0.48,0,0.0,0
16360,13,-17,10,0.62,-0.81,0.48,0,0.0,0
16370,14,-16,9,0.67,-0.76,0.43,0,0.0,0
